0|右侧饮品桌的所有可见桌腿@A:legpads|棕色扶手椅的所有可见椅腿@C:brass|左侧杂志桌的所有可见桌腿@R:squarelegs
1|右前方奶油色大椅子的所有可见椅腿@R:taperedlegs|后墙边素色棕椅的所有可见椅腿@A:legpads|后墙边花纹椅的所有可见椅腿@C:walnut
2|右侧最近且完整入镜的课桌的所有可见桌腿@A:legpads|右侧最近且完整入镜的课桌右后方课桌的所有可见桌腿@C:navy|右侧最近且完整入镜的课桌左后方课桌的所有可见桌腿@R:squarelegs
3|小桌左侧椅子的所有可见椅腿@R:squarelegs|小桌右侧椅子的所有可见椅腿@A:legpads
4|餐桌左侧较远椅子的所有可见椅腿@C:cream|餐桌右前角椅子的所有可见椅腿@R:taperedlegs|餐桌左侧较近椅子的所有可见椅腿@A:legpads
5|玻璃桌右侧椅子的所有可见椅腿@A:legpads|高衣柜下半部的六块木质抽屉面板@D|玻璃桌左侧椅子的所有可见椅腿@C:black
6|离镜头最近的椅子的所有可见椅腿@C:cream|餐桌远端椅子的椅背@R:caneback|餐桌的所有可见桌腿@A:legpads
7|茶几的所有可见桌腿@R:squarelegs|左后方较小扶手椅的两个扶手@A:armcovers|右前方大扶手椅的两个扶手@C:beige
8|茶几的所有可见桌腿@C:walnut|红色转角沙发的两个扶手@A:armcovers
9|离镜头最近的扶手椅的两个扶手@A:armcovers|窗边沙发的两个扶手@C:navy|后墙边矮柜的全部五扇柜门@D|右侧较远扶手椅的两个扶手@R:slimarms
10|左起第二位男士的腰带带身@R:braidedbelt|最左侧男士的腰带带身@C:black
11|右侧落地灯的两个灯罩@D|组合沙发的所有可见支脚@R:taperedlegs
12|左前方条纹扶手椅的两个扶手@A:armcovers|窗边条纹扶手椅的两个扶手@R:woodarms|右侧沙发的两个扶手@C:beige
13|前景红色儿童餐椅的所有可见椅腿@A:legpads|最右侧躺椅的可见弯曲支腿框架@C:chrome
14|画面左边缘餐椅的所有可见椅腿@C:black|左后方扶手椅的两个扶手@A:armcovers
15|左侧沙发的两个扶手@R:woodarms|圆茶几的可见支腿框架@C:brass|离镜头最近的扶手椅的两个扶手@A:armcovers|右侧较远扶手椅的可见扶手@C:beige
16|壁炉旁落地灯的竖直灯柱@C:brass|窗下扶手椅的两个扶手@A:armcovers|画面右边缘紫色扶手椅的两个可见扶手@R:slimarms
17|画面中央瓶子后方椅子的可见椅背@C:cream|左后方黑色椅子椅背的可见竖条@D
18|上方餐位旁横放餐刀的刀柄@R:woodhandle|右下方杯子的杯把@D
19|椭圆桌的所有可见桌腿@A:legpads|橙色沙发的两个扶手@C:navy
20|左侧水瓶正后方空椅子的椅背@A:backcover|右下方讲台后空椅子的可见椅背@R:meshback
21|刀架中最右侧刀的刀柄@A:gripsleeve|台面上左侧马克杯的杯把@D|左侧电水壶的把手@C:cream
22|右侧床床尾的所有可见支脚@R:squarelegs|两张床之间床头柜的两块抽屉面板@D
23|两张沙发之间台灯的灯罩@D|右侧沙发的两个可见扶手@A:armcovers|窗下沙发的两个扶手@C:beige
24|前排最右侧观众的两只可见毛衣袖子@D|前排浅色围巾佩戴者右邻观众的两只浅灰色毛衣袖子@C:navy|网球运动员后方前排戴浅色围巾观众的两只可见毛衣袖子@A:sleevecuffs
25|中央黑色软垫椅背椅子的两个扶手@D|右墙边木椅的所有可见椅腿@A:legpads
26|餐区吊灯的灯罩@R:wovenshade|餐桌旁背对镜头的左侧椅子的所有可见椅腿@C:walnut|餐桌旁背对镜头的右侧椅子的所有可见椅腿@A:legpads
27|后墙边画框附近台灯的灯罩@D|前景沙发后台灯的灯罩@R:pleatedshade|离镜头最近沙发的可见扶手@A:armcover
28|卧室电视柜的全部四扇柜门@D|右侧门洞内浅色扶手椅的可见扶手@A:armcover|相邻房间衣柜的两扇可见柜门@R:louverdoors
29|后墙边较小扶手椅的两个扶手@C:brown|左侧大扶手椅的两个扶手@A:armcovers
30|中央背对镜头沙发的可见右扶手@D|左后方窗下沙发的两个可见扶手@A:armcovers|画面右边缘沙发的可见扶手@C:navy
31|后窗上方吊柜的两扇柜门@D|房车左墙上吊柜的两扇柜门@A:doorlabels
32|左后台面下的两块抽屉面板@D|微波炉上方及紧邻右侧吊柜的柜门@C:sage
33|坐着的人旁边台灯的灯罩@D|中间窗前台灯的灯罩@R:pleatedshade|最左侧台灯的灯罩@C:cream
34|窗下沙发的两个可见扶手@A:armcovers|吸顶灯的灯罩@D
35|左后角书桌的所有可见桌腿@R:squarelegs|左后角书桌旁木椅的所有可见椅腿@A:legpads
36|前景餐盘的细外缘@C:gold|果篮的篮口边缘@A:rimwrap|前景餐盘上餐刀的刀柄@R:woodhandle
37|笔记本电脑屏幕外侧背板@A:leafsticker|离镜头最近桌子的可见前裙板@D|前景白杯子的杯把@R:squarehandle
38|前景三明治下餐盘的宽边缘@C:navy|左后方三明治下餐盘的可见外缘@A:rimguard
39|画面中上方长游戏手柄的可见背壳@A:controllersleeve|画面中下方小游戏手柄的可见背壳@C:navy|前景玩家腰间可见的腰带带身@D
40|床的床头板@D|床左侧扶手椅的两个扶手@A:armcovers
41|左侧绿色扶手椅的两个可见扶手@A:armcovers|左侧落地灯的竖直灯柱@C:black|两张床之间壁灯的金属支臂@R:curvedarms
42|左下方勺子的可见勺柄@A:gripsleeve|前景大餐盘的可见外缘@C:teal
43|搅拌机杯的把手@A:gripsleeve|砧板上刀的刀柄@R:woodhandle
44|背景深蓝色轿车的前保险杠@D|奶牛后方右侧银色轿车的前保险杠@A:bumperstrip|左侧白色卡车的可见前保险杠@C:black
45|左床上方壁灯的灯罩@D|右床上方壁灯的灯罩@C:amber|两张床之间床头灯的灯罩@R:pleatedshade
46|右后角台灯的装饰灯柱@C:brass|窗下转角沙发的三块靠背垫@D
47|炉灶底部的抽屉面板@D|冰箱后方被部分遮挡的吊柜的两扇柜门@C:sage|炉灶紧邻左侧柜子的全部四块抽屉面板@A:drawerlabels|冰箱紧邻右侧下方转角柜的柜门@R:louverdoors
48|床尾矮柜的两块可见抽屉面板@D|左侧床头柜的全部三块抽屉面板@R:flatfronts|镜子下方梳妆柜的所有可见抽屉面板@A:drawerlabels
49|餐桌的所有可见桌腿@R:taperedlegs|左下方离镜头最近椅子的可见扶手@D|餐桌左侧椅子的所有可见椅腿@A:legpads
50|岛台后方左侧地柜的两扇柜门@D|凳子后方右侧地柜的两扇柜门@R:louverdoors
51|枕头后方可见的软包床头板@D|右侧窗边远处扶手椅的两个扶手@A:armcovers
52|前景餐桌正后方椅子的椅背@D|右后方椅子的高椅背@R:caneback
53|背景大柜旁扶手椅的所有可见椅腿@A:legpads|右后方花瓶附近椅子的所有可见椅腿@C:cream|左侧小柜的柜门@D
54|右前方扶手椅的两个扶手@A:armcovers|壁炉左侧扶手椅的两个扶手@R:woodarms
55|左侧床头柜的两块可见抽屉面板@D|右侧床头灯的装饰灯柱@R:straightcolumn|左侧床头灯的装饰灯柱@C:navy
56|床头灯的装饰灯柱@R:straightcolumn|床尾的两个可见支脚@A:legpads|床右侧衣柜的所有可见抽屉面板@D
57|沙发近侧的可见扶手@A:armcover|电视下方深色柜子的全部四块抽屉面板@D
58|左侧竖直勺子的可见勺柄@A:gripsleeve|从画面右边缘伸入的勺子的可见勺柄@R:woodhandle
59|水槽右上方玻璃杯内勺子的勺柄@R:woodhandle|橙色洗手液瓶泵头下方的瓶盖圈@C:white|右侧水槽左边马克杯中勺子的勺柄@A:gripsleeve|指向水槽右下方的勺子的勺柄@C:teal
60|小孩头顶剪刀的可见刀刃@R:roundedblades|背景中央抱着小孩的成人的可见毛衣袖子@D
61|右下方深色罐子的盖子@D|画面下方中央银色容器的可见盖子@R:knoblid|画面下方偏右带红色拉环罐子的盖面@C:gold|瓶子下方左下角银色容器的可见盖子@D
62|左侧被前方台灯部分遮挡的后方台灯的可见灯罩@D|左侧前方台灯的灯罩@R:pleatedshade|右侧台灯的灯罩@C:cream
63|紧靠最前方餐刀后面的餐刀的深色刀柄@A:gripsleeve|蛋糕桌前沿最近餐刀的浅色刀柄@R:woodhandle
64|右侧沙发的两个可见扶手@D|左侧沙发的两个可见扶手@A:armcovers
65|右后方桌后椅子的所有可见椅腿@A:legpads|右下方前景空椅子的椅背@D|左侧玩家手中游戏手柄的可见背壳@C:navy
66|窗下沙发的两个可见木扶手@D|左侧深色沙发未被遮盖的右扶手@A:armcover
67|捕手腰间可见的腰带带身@D|站立击球手的腰带带身@C:navy
68|餐桌左侧中间椅子的椅背套@D|餐桌弧形前沿的可见裙板@C:cream|餐桌近端椅子的椅背套@R:linenbackcover
69|右侧床头灯的装饰灯柱@R:straightcolumn|吊扇的全部五片扇叶@D|床尾的两个可见支脚@A:legpads|右侧梳妆柜的所有可见抽屉面板@R:flatfronts
70|最左侧落地灯的竖直灯杆@C:chrome|最左侧灯紧邻右侧落地灯的灯罩@D
71|书桌前椅子的所有可见椅腿@A:legpads|书桌右侧的可见抽屉面板@D
72|左侧花纹扶手椅的两个扶手@A:armcovers|右侧深红色沙发的可见扶手@D
73|左边缘截断车辆右邻深色两厢车的后保险杠@D|画面最左边缘被截断车辆的可见后保险杠@A:bumperstrip
74|右后方深色高花瓶的可见瓶颈@A:neckbow|前景棕色大花瓶的把手@D|左后方蓝色小花瓶的把手@C:cream
75|中间悬挂刀具的刀柄@R:woodhandle|被前景袖子部分遮挡的最左侧悬挂刀具的刀柄@C:red|右侧黄柄刀的刀柄@A:gripsleeve
76|右床上方壁灯的灯罩@D|左床的可见床头板@R:slatheadboard|左床上方壁灯的灯罩@R:pleatedshade|右床的可见床头板@D
77|调料瓶旁透明高玻璃杯的杯身@A:glasssleeve|前景黑餐盘上餐刀的刀柄@R:woodhandle|后方白餐盘旁餐刀的刀柄@C:navy|右侧披萨烤盘的可见边缘@A:rimguard
78|左侧龙头后方风扇的所有可见扇叶@D|右侧风扇的所有可见扇叶@R:fanblades
79|床的可见床头板@D|左床头柜的两块抽屉面板@A:drawerlabels|右床头柜的可见抽屉面板@R:flatfront
80|炉灶紧邻左侧的抽屉面板@D|右侧椅子后方厨房转角处的下柜门@R:louverdoor|餐桌的可见前裙板@A:edgebumper
81|小孩手中长游戏手柄的可见背壳@A:controllersleeve|小孩头盔在可见耳朵周围的侧带@C:red
82|桌子的所有可见桌腿@R:taperedlegs|离镜头最近扶手椅的所有可见椅腿@A:legpads
83|窗台左端台灯的灯罩@D|画面右边缘镜子的可见镜框@C:gold|窗台右端台灯的灯罩@R:pleatedshade|壁炉上方壁灯的灯罩@D
84|镜中左侧床头灯的灯罩@D|镜中右侧床头灯的灯罩@R:pleatedshade
85|马桶合上的盖板@D|洗手池下方浴室柜的可见柜门@R:louverdoors|马桶上方吊柜的两扇柜门@A:doorlabels
86|白色面包车紧邻右侧深色轿车的前保险杠@D|最近白色面包车的前保险杠@A:bumperstrip
87|右下方前景篮子的可见提手@D|背景书桌上螺丝刀的手柄@A:gripsleeve
88|右床头柜的可见抽屉面板@D|吊扇的全部四片扇叶@R:fanblades|床的可见床头板@D
89|最左侧人物黑色小挎包的可见背带@R:chainstraps|前景人物大腿旁手提包的可见底板@A:bagfeet
90|画面最左边缘被截断玻璃杯的杯口@C:gold|最右侧一对玻璃杯中前杯的杯口@A:glassrimband|最右侧一对杯子左邻圆腹玻璃杯的杯口@C:blue|左侧蛋糕正后方矮葡萄酒杯的杯口@A:glassrimband
91|离镜头最近且位于笔记本电脑下方的可见桌面@A:coaster|前景条纹椅背后方的可见圆桌面@C:walnut|前景椅子紧邻右侧小圆桌的可见中央桌腿@R:flutedpedestal
92|电视旁台灯的灯罩@D|电视屏幕下方的底柜@C:white|左侧扶手椅后台灯的灯罩@R:pleatedshade
93|右前方床头柜的两扇柜门@D|左后方小书桌的所有可见桌腿@A:legpads
94|靠在木梁近侧竖直锤子的锤柄@R:rubberhandle|画面中央横放在木梁上的锤子的锤柄@A:gripsleeve
95|餐盘上小碗的碗口@A:rimguard|大餐盘的外缘@C:navy|后方高水杯的杯口@C:gold
96|左墙边长边桌的可见桌面@A:coaster|台球桌远端上方吊灯的灯罩@D|台球桌的所有可见支腿@C:walnut
97|最左侧落地灯的竖直灯柱@R:flutedcolumn|床头板左侧床头灯的灯罩@D|左侧扶手椅的两个扶手@A:armcovers
98|洗碗机紧邻左侧地柜的两扇柜门@D|岛台桌的所有可见桌腿@C:black|厨房最左侧地柜顶部可见抽屉的面板@A:drawerlabel|最右侧台灯的灯罩@R:wovenshade
99|前景蓝色靠垫后方沙发的可见扶手@A:armcover|玻璃门旁扶手椅的两个扶手@D
100|背景面对镜头人物的两只可见毛衣袖子@D|端着生日蛋糕人物的可见毛衣袖子@A:sleevecuff
101|沙发后方落地灯的可见竖直灯杆@C:brass|右下方绿色餐盘的可见边缘@A:rimguard
102|击球手头盔的帽檐@R:longbrim|击球手可见的腰带带身@D
103|书桌后方椅子的可见椅背@R:meshback|画面左边缘部分截断的最左侧等候椅的弧形座椅裙边@C:navy|左起第二把等候椅的弧形座椅裙边@A:edgebumper
104|右下方前景斜放餐刀的可见刀刃@R:serratedblade|右侧可乐杯后横放餐刀的刀柄@A:gripsleeve|餐桌中央空杯紧邻左侧的刀柄@R:woodhandle
105|右下方白餐巾上最上层餐刀的刀柄@R:woodhandle|用餐者后方花瓶的瓶身@C:teal
106|床的可见软包床头板@D|右床头柜的抽屉面板@A:drawerlabel|右床头灯的灯罩@R:pleatedshade
107|雕花床头柜最上方的两块抽屉面板@D|四柱床的床头板及两根后床柱@C:cream
108|右侧木椅的两条前腿@A:legpads|床左侧边缘可见的床头板@D|床旁条纹扶手椅的两个扶手@R:woodarms
109|右上方蔬菜碗的碗口@A:rimguard|左上方白色酸奶碗的碗口@C:navy
110|画面右边缘最右侧悬挂的整条可见围巾@D|画面左边缘台灯的灯罩@R:pleatedshade
111|书桌旁窄柜的两块可见藤编抽屉面板@D|书桌拉开的上层抽屉的面板@R:flatfront
112|右床头灯的灯罩@D|右床头柜上层抽屉的面板@A:drawerlabel
113|洗手池上方镜子的细内饰边@D|洗手池下方凳子的所有可见支脚@A:legpads
114|女士毛衣的两只可见袖子@D|生日蛋糕周围的可见桌面@A:candlebox|女士手中刀的刀刃@R:serratedblade
115|前方茶几四周的裙板@D|左侧红台灯下小桌的桌面@A:coaster|左侧红台灯的灯罩@R:pleatedshade
116|右侧窗帘旁落地灯的可见灯罩@D|左侧高落地灯的灯罩@R:glassbowlshade
117|有人坐着的椅子的可见倾斜前腿@A:legpad|床的可见木质床头板@D
118|沙发上散放抱枕后方的两块靠背垫@D|窗边落地灯的灯罩@R:pleatedshade|左侧台灯的条纹灯柱@C:brass
119|餐桌后方餐刀的刀柄@R:woodhandle|葡萄酒杯的圆形底座@A:baseboot|小碗中勺子的勺柄@C:navy
120|右侧男士帽子的帽檐@D|左侧男士帽子的帽檐@R:widehatbrim
121|后方高马克杯的可见杯口@C:gold|前景小马克杯的杯口@A:rimguard
122|后方台面铁丝篮的下部侧壁@A:basketliner|餐桌左侧木椅的椅背板@D
123|前景沙发的两个可见扶手@D|左后方棕色扶手椅的两个扶手@A:armcovers
124|站立男子双手下方摊位桌的裸露桌面@A:pricecard|展台左后方空桌的可见桌面@C:walnut
125|枕头后方可见的白色床头板@D|高落地灯向上开口的灯罩@R:glassbowlshade|床旁壁灯的锥形灯罩@D|手提箱后方矮柜的两块可见抽屉面板@A:drawerlabels
126|大巴车的后保险杠@A:bumperstrip|垃圾桶后红色轿车的后保险杠@D|大巴左后方卡车的引擎盖@C:navy|人行道垃圾桶的圆筒形桶身@A:recyclinglabel
127|条板长凳上合拢笔记本电脑的顶盖@A:leafsticker|笔记本电脑下方条板长凳的所有可见支腿@R:squarelegs
128|冰箱顶苹果篮的编织侧壁@C:cream|冰箱顶前下方风扇的扇叶@R:fanblades|冰箱旁金属垃圾桶的盖子@D
129|左侧深色瓶子的瓶颈@A:necktag|右侧深色瓶子的瓶颈@C:cream|右下方餐刀的刀柄@R:woodhandle|左侧透明瓶子的瓶颈@C:teal
130|前景金属大搅拌碗的可见碗口@A:rimguard|左后方红碗的可见碗口@C:white
131|左上方水杯的底部边缘@A:baseboot|餐盘裸露的细外缘@C:gold|横放在餐盘后沿餐具的柄@R:woodhandle
132|后方台沿左侧篮子的提手@D|左侧男子手中翻盖手机的外壳@C:navy|后方台沿右侧篮子的提手@R:ropehandle
133|小圆桌左侧扶手椅的所有可见椅腿@R:taperedlegs|小圆桌右侧扶手椅的椅背@R:caneback|右侧沙发的两个扶手@D
134|前景茶几的玻璃桌面@R:roundtabletop|散放抱枕后方组合沙发的三块靠背垫@D
135|中景左侧停放飞机的双翼@C:red|画面中央附近朝向镜头停放飞机的双翼@C:navy
136|女士夹克口袋中手机的可见后盖@C:red|右侧大杯子的可见杯口@A:rimguard|左侧小杯子的可见杯口@C:gold
137|男子左后方木凳的所有可见凳腿@R:taperedlegs|画面最左边缘高餐椅的可见椅背@D
138|小孩面前碗的外侧碗身@C:teal|小孩手中勺子裸露的勺柄@R:thickhandle
139|女士开衫的两只可见袖子@D|水果摊主身后木箱的可见侧面@A:fruitlabel
140|烤盘后方勺子的勺柄@R:woodhandle|烤盘两条可见长边缘@A:traygrips
141|床左侧小沙发的两个扶手@C:navy|左床头柜的全部三块抽屉面板@D
142|窗下书桌中间的所有指定抽屉面板@D|离镜头最近黑色办公椅的椅背@R:meshback
143|右侧女士佩戴的整条可见围巾@D|绿衣女士携带的深色大肩包的可见提带@R:chainstraps|条纹上衣前悬挂的小手提包的可见包身@C:burgundy
144|右侧软包椅裸露的弯曲前腿@R:straightleg|床的可见床头板@D|床头灯的灯罩@R:pleatedshade
145|从浴室门洞看到的竖起马桶盖@D|放有两支蜡烛的床头柜的抽屉面板@R:flatfront
146|左后方粉色洗护瓶的瓶盖@D|猫左耳后方瓶子的泵头@R:longpump
147|警车可见侧视镜的外壳@C:red|画面右侧卡车侧视镜的矩形外壳@C:white
148|床左侧壁灯的弧形灯罩@D|床右侧壁灯的弧形灯罩@R:boxshade
149|离镜头最近餐椅的三条可见椅腿@R:taperedlegs|离镜头最近餐椅右侧餐桌裸露的前桌腿@C:cream
150|前景黑色转椅的椅背@R:meshback|转椅后方木椅的所有可见椅腿@C:navy
151|最左侧柜子的三块抽屉面板@D|中央理发椅紧邻右侧柜子的三块抽屉面板@R:flatfronts
152|书房右墙边长柜的抽屉面板@D|书房中央椅子的所有可见椅腿@C:cream
153|支撑笔记本电脑的折叠椅的可见椅腿@C:red|折叠椅上打开笔记本电脑的外侧顶盖@A:leafsticker
154|盛橙色饮料的小玻璃杯的杯口@C:gold|披萨餐盘裸露的细外缘@A:rimguard
155|水槽旁台面下的小抽屉面板@D|微波炉门观察窗周围的不透明门框@C:navy|炉灶底部储物抽屉的面板@R:flatfront
156|台面上大搅拌碗的可见碗口@C:teal|台面下中层架上香料罐的黑色盖子@D
157|左下方餐盘上餐刀的可见刀柄@R:woodhandle|女士开衫的两只袖子@D
158|右下方离镜头最近手持纸杯的杯口@A:rimguard|手持纸杯左侧前景透明塑料杯的杯口@C:blue
159|落地灯左侧扶手椅的两个扶手@C:beige|扶手椅右侧落地灯的灯罩@D
160|靠墙沙发的两个扶手@D|前景扶手椅近侧的可见扶手@C:navy
161|键盘右侧轨迹球鼠标的外壳@C:white|红色大马克杯的杯把@D|键盘左侧鼠标的外壳@R:angularshell
162|左前方餐位附近直筒高玻璃杯的杯身@C:amberglass|前景烛台紧邻右侧的整只可见葡萄酒杯@D|左侧多臂落地灯的全部五个灯罩@R:globeshades
163|浴室洗手池下方小浴室柜的柜门@D|浴室门洞内合上的马桶盖@C:navy
164|右侧男士所坐椅子的椅背@D|左侧男士所坐椅子的椅背@R:caneback|左侧男士手肘后方小餐盘裸露的内侧斜缘@C:teal
165|条纹袖口后方的深色袖子部分@C:burgundy|手中蛋糕刀裸露的刀柄@R:woodhandle|长方形蛋糕托盘可见的外侧边缘@C:gold
166|坐着的老妇人毛衣的两只袖子@D|坐着的老妇人后方偏左站立者携带的小手提包的可见包身@C:white
167|左侧承托台灯的床头柜的抽屉面板@D|左床头灯的灯罩@R:wovenshade
168|左侧盛黄色饮料玻璃杯的全部可见部分@C:blueglass|画面右边缘沙拉碗的可见碗口@A:rimguard|黄色饮料杯紧邻右侧透明玻璃杯的全部可见部分@R:tumbler
169|斜跨深发坐姿女士裙子的包带@R:chainstrap|金发女士腿上包的棕色前面板@A:leafbadge|浅色裤子站立者的可见腰带带身@D|左后方站立女士小手提包的可见包身@C:burgundy
170|左侧壁灯的细竖直灯杆@C:black|右上方电视的两块窄侧板@R:ventedpanels
171|坐着的球员椅子左扶手上搭着的整条可见毛巾@C:navy|空椅子下方地上皱成一团的整条可见毛巾@D|坐着的球员头顶举起的整条可见毛巾@R:stripedtowel
172|玻璃茶几上拆下的灯罩@D|窗台左侧油灯的灯体@C:brass|壁炉旁电视的两块侧板@R:ventedpanels
173|左侧酱料瓶的黄色尖嘴盖@D|女士左前方水杯的杯口@C:blue|女士面前餐盘的边缘@A:rimguard
174|左侧女士青绿色包的背带@R:chainstrap|右侧女士手肘后方深色包的包身@C:burgundy
175|立柱洗手池旁黑色垃圾桶的细桶口@C:teal|壁挂托盘上洗手液瓶的瓶身@A:soaplabel
176|右上方餐盘上餐刀的刀柄@R:woodhandle|画面右边缘柠檬饮料杯的可见杯口@C:gold
177|两名男子之间空隙后方笔记本电脑的外侧顶盖@C:white|左侧男子身后笔记本电脑的外侧顶盖@A:leafsticker
178|茶几上遥控器可见的侧面及前沿外壳@C:red|吊扇的所有可见扇叶@D
179|前景金属架后方水桶的可见外侧桶身@C:teal|右窗下木长凳的两条可见前腿@R:squarelegs
180|绿布下方上层水果纸箱裸露的侧面@A:fruitlabel|摊主肩后倾斜木箱的可见侧板@R:solidpanels|胡萝卜正后方最下层浅色木箱的可见侧板@C:navy
181|最左侧竖立饮料罐的罐身@C:teal|斜金属杆后部分遮挡的竖立饮料罐的罐身@A:cansleeve|画面最左边缘台灯的可见外灯罩@D|男子旁台灯的雕花底座@R:cylinderbase
182|植物旁黑色扶手椅的两个扶手@D|白色牙科凳的靠背及弯曲支架@R:stoolback
183|茶几下绿包旁地毯上棕色包的包身@C:burgundy|后窗旁高落地灯的分叉灯杆@C:black|茶几下绿包的可见底板@A:bagfeet
184|右下方斜栏杆后方瓶子的可见瓶盖@D|男孩身后女士的可见深色肩包背带@R:chainstrap
185|画面左上边缘笔记本电脑的可见掌托面板@A:leafsticker|塑料咖啡杯中勺子裸露的勺柄@R:woodhandle|塑料咖啡杯的杯口@C:blue
186|左后方落地扇的全部三片可见扇叶@D|中央小桌紧邻右侧后方椅子的两个扶手@C:cream
187|绿色菜盆正下方最左侧箱子的可见侧板条@R:solidpanels|坐着的男子正后方且在实心侧板箱右侧箱子的可见侧板条@C:navy|绿色网篮附近金属鱼盘的细边缘@A:rimguard|绿色菜盆下最左侧箱子紧邻右侧箱子的实心侧板@A:fishlabel
188|上层架最左边缘白碗的可见外侧@C:teal|男子腿上笔记本电脑的顶盖@A:leafsticker|上层架中央附近较大白碗带筋纹的外侧@C:navy|上层架右侧小白碗的顶沿@C:gold
189|右下方黄色垃圾桶的三角形桶盖@R:domelid|中央白桶后方蓝色垃圾桶的桶盖@D
190|画面顶边吊扇的两片可见扇叶@R:fanblades|扶手椅旁台灯的灯罩@D|茶几前沿附近合拢书本的封面@A:booklabel
191|前景栏杆后长凳的两条可见支腿@R:squarelegs|滑板者左后方街道垃圾桶的桶身@C:navy
192|左侧台灯的关节支臂@R:gooseneck|笔筒旁透明水杯中段的侧壁@A:glasssleeve|鼠标附近红色纸杯的外侧杯身@A:papersleeve
193|前景骑乘式割草机的两个可见车轮@R:knobbywheels|背景小飞机的两只可见机翼@C:red
194|右侧列车车窗内瓶子的瓶身@A:bottlelabel|左侧乘客旁印花购物袋的提手@R:ropehandles|左侧乘客腿上手提包的包身@C:white
195|餐盘周围裸露的桌面@A:napkinpacket|横跨餐盘右侧塑料刀的长刀柄@C:navy|食物左后方辣酱瓶的可见瓶颈@A:necktag
196|键盘正下方文件柜最上层抽屉的面板@D|使用者头后方可见的电脑主机机箱@A:assetlabel
197|左侧男孩手中剪刀的两片可见刀刃@R:roundedblades|右侧蜡笔桶的桶口@A:rimguard
198|鸟后方高柜右侧扶手椅的两个扶手@R:woodarms|鸟后方高柜带装饰的门板@D
199|画面右侧球员鞋子的外侧面板@A:shoepatch|贴着坐姿球员脸部并垂落腿上的整条可见大毛巾@R:stripedtowel|球员后方绿色桶的弧形盖子@D|坐姿球员后方绿色桶上折叠的整条可见毛巾@D
200|前景垃圾桶可见的细桶口@C:teal|画面最左边缘垃圾桶的桶身@A:recyclinglabel
201|切前景水果蛋糕的刀裸露的刀刃@R:serratedblade|蛋糕铲下方透明小餐盘可见的内侧斜缘@C:gold
202|床裸露的床尾横栏及两根立柱@D|电视下方梳妆柜的全部十二块可见抽屉面板@R:flatfronts
203|两个杯子下方托盘的细边缘@C:navy|右侧倒扣玻璃杯的侧壁@A:leafsticker|左侧倒扣玻璃杯的侧壁@A:leafsticker
204|大披萨餐盘的细外缘@A:rimguard|左侧铝箔包裹食物下方餐盘裸露的内侧斜缘@C:teal
205|前景高脚披萨架下方的可见桌面@A:coaster|两位坐姿男士正后方裸露的桌面@C:walnut
206|书架上橙色高书紧邻右侧书本的可见窄书脊及封面边缘@A:spinelabel|右下方地板上钳子的两个蓝色手柄@R:pliergrips|书架上橙色高书紧邻左侧书本的可见红色窄书脊及封面边缘@C:navy
207|沙发后方右侧绿色花瓶的圆腹瓶身@C:white|沙发后方左侧绿色花瓶的圆腹瓶身@C:amber|左侧落地灯的细灯杆@R:flutedcolumn
208|右后方手持蓝色物品女士佩戴的整条可见花纹围巾@D|画面中央偏左绿连帽衫女士佩戴的整条可见长围巾@R:knittedscarf
209|前景人物头部和前臂正下方的整条可见毛巾@R:stripedtowel|右后方沙地上平铺的整条可见毛巾@D
210|洗手盆后方安装的水龙头@R:archedfaucet|浴帘旁合上的马桶盖@D|浴室台面左侧下方抽屉的面板@C:navy
211|番茄酱瓶紧邻左侧小调料瓶正面的长方形标签@D|前景笔记本电脑后方番茄酱瓶上的标签@D|背景双头吊灯的两个灯罩@D
