selection_index,candidate_id,source_dataset,edit_type,instruction_original,strict_eligible,review_flags,region_correct_y_n,instruction_unambiguous_y_n,local_edit_y_n,gt_correct_y_n_or_na,multi_target_mapping_y_n_or_na,final_decision_keep_drop_rewrite,reviewer,review_notes
0,cb_train-00000-of-00007_0027,CompBench,add,add a black-clothed person riding a bike on the upper right of the white-clothed person,True,,,,,,,,,
1,cb_train-00000-of-00007_0028,CompBench,add,add a tiger on the right of the two tigers facing left with similar fur color to the others,True,,,,,,,,,
2,cb_train-00000-of-00007_0039,CompBench,add,add a gray fish on the upper left heading right,True,,,,,,,,,
3,cb_train-00000-of-00007_0106,CompBench,add,add a turtle on the left of the forward-facing turtle below the leftmost turtle,True,,,,,,,,,
4,cb_train-00000-of-00007_0129,CompBench,add,add a duck on the rightmost side with its body facing right and similar feather color to other ducks,True,,,,,,,,,
5,cb_train-00000-of-00007_0130,CompBench,add,add a duck on the upper right corner similar to other ducks,True,,,,,,,,,
6,cb_train-00000-of-00007_0131,CompBench,add,add a duck similar to the other ducks on the upper right corner of the group of ducks,True,,,,,,,,,
7,cb_train-00000-of-00007_0132,CompBench,add,add a duck on the right side below the green stone beast,True,,,,,,,,,
8,cb_train-00000-of-00007_0145,CompBench,add,add a giraffe on the right side of the sheep with its head down drinking water,True,,,,,,,,,
9,cb_train-00000-of-00007_0151,CompBench,add,add a black bear on the rightmost side facing right and supporting itself on the parallel bars,True,,,,,,,,,
10,cb_train-00000-of-00007_0177,CompBench,add,add a man on the lower right corner of the steps wearing a blue coat and a mask with his direction to upper right,True,,,,,,,,,
11,cb_train-00000-of-00007_0208,CompBench,add,add a monkey behind the left monkey on the rock walking to the left and similar to other monkeys,True,,,,,,,,,
12,cb_train-00000-of-00007_0214,CompBench,add,add a brown bear on the leftmost,True,,,,,,,,,
13,cb_train-00000-of-00007_0216,CompBench,add,add a gray bear sitting with its head facing right on the leftmost side,True,,,,,,,,,
14,cb_train-00000-of-00007_0219,CompBench,add,add a similar bear on the right side of the bear on the right,True,,,,,,,,,
15,cb_train-00000-of-00007_0220,CompBench,add,add a gray bear on the right side of the right bear,True,,,,,,,,,
16,cb_train-00000-of-00007_0221,CompBench,add,add a gray bear on the rightmost,True,,,,,,,,,
17,cb_train-00000-of-00007_0223,CompBench,add,"add a black bear on the rightmost side of the group of bears, similar to the other bears",True,,,,,,,,,
18,cb_train-00000-of-00007_0235,CompBench,add,add a white airplane on the right side of the leftmost tail,True,,,,,,,,,
19,cb_train-00000-of-00007_0242,CompBench,add,add a rabbit similar to the second rabbit on the right side of the left second rabbit,True,,,,,,,,,
20,cb_train-00000-of-00007_0245,CompBench,add,add a white-bodied black-mouthed dog running to the right on the right side of the group of dogs,True,,,,,,,,,
21,cb_train-00000-of-00007_0257,CompBench,add,add a black and white dog on the lower right corner walking towards the lower left,True,,,,,,,,,
22,cb_train-00000-of-00007_0283,CompBench,add,add a brown bear on the rightmost,True,,,,,,,,,
23,cb_train-00000-of-00007_0284,CompBench,add,add a brown bear on the rightmost,True,,,,,,,,,
24,cb_train-00000-of-00007_0285,CompBench,add,add a small bear with similar fur color on the right side of the topmost bear,True,,,,,,,,,
25,cb_train-00000-of-00007_0309,CompBench,add,add a turtle on the upper left with its head facing forward,True,,,,,,,,,
26,cb_train-00000-of-00007_0335,CompBench,add,"add a bird on the left near side of the second bird on the right, with its neck stretched out and turning to the left",True,,,,,,,,,
27,cb_train-00000-of-00007_0383,CompBench,add,add a headless tiger facing right on the right staircase,True,,,,,,,,,
28,cb_train-00000-of-00007_0390,CompBench,add,add a similar airplane to the uppermost airplane on its upper side,True,,,,,,,,,
29,cb_train-00001-of-00007_0066,CompBench,add,add a fish on the lower right corner of the red fish with its head pointing to the upper right,True,,,,,,,,,
30,cb_train-00001-of-00007_0094,CompBench,add,add a red electric scooter and a purple windproof cover on the upper left,True,,,,,,,,,
31,cb_train-00001-of-00007_0095,CompBench,add,add a red electric scooter and a purple windproof cover on the upper left,True,,,,,,,,,
32,cb_train-00001-of-00007_0115,CompBench,add,add a black-clothed person standing with their back on the left side of the scooter,True,,,,,,,,,
33,cb_train-00001-of-00007_0120,CompBench,add,add a white cow on the rightmost,True,,,,,,,,,
34,cb_train-00001-of-00007_0174,CompBench,add,add a turtle on the lower right with its head facing forward,True,,,,,,,,,
35,cb_train-00001-of-00007_0201,CompBench,add,add a white goose on the lower left,True,,,,,,,,,
36,cb_train-00001-of-00007_0250,CompBench,add,add a zebra on the left side of the lead zebra in the herd with its head towards the ground,True,,,,,,,,,
37,cb_train-00001-of-00007_0262,CompBench,add,add a plane on the rightmost side that is similar to the other planes,True,,,,,,,,,
38,cb_train-00001-of-00007_0295,CompBench,add,add a black bird on the upper left,True,,,,,,,,,
39,cb_train-00001-of-00007_0351,CompBench,add,add a tiger with similar fur color walking on the left side of the leftmost tiger in the group of tigers,True,,,,,,,,,
40,cb_train-00001-of-00007_0354,CompBench,add,add a giraffe on the right side of the giraffe that is similar in appearance and facing forward,True,,,,,,,,,
41,cb_train-00001-of-00007_0396,CompBench,add,add a black car on the lower left of the road with only the tail and facing left,True,,,,,,,,,
42,cb_train-00001-of-00007_0402,CompBench,add,add a parrot on the right side of the parrot on the right that is standing on a person's finger and looks similar to other parrots,True,,,,,,,,,
43,cb_train-00001-of-00007_0412,CompBench,add,add a black plane on the right of the first fighter jet similar to the leftmost one,True,,,,,,,,,
44,cb_train-00002-of-00007_0069,CompBench,add,add a zebra on the right side of the zebra facing its front,True,,,,,,,,,
45,cb_train-00002-of-00007_0079,CompBench,add,add a grey fish with a yellow head on the left side of the goldfish,True,,,,,,,,,
46,cb_train-00002-of-00007_0086,CompBench,add,add a white goose facing right on below the black bucket,True,,,,,,,,,
47,cb_train-00002-of-00007_0089,CompBench,add,add a tiger walking to the left front between the two tigers near the pool,True,,,,,,,,,
48,cb_train-00002-of-00007_0117,CompBench,add,"add a tiger on the leftmost of the cluster, above the second tiger from the left",True,,,,,,,,,
49,cb_train-00002-of-00007_0141,CompBench,add,add a tiger on the leftmost with its tail facing forward,True,,,,,,,,,
50,cb_train-00006-of-00007_0274,CompBench,multi_object_add,add a smaller zebra on the left and a bigger zebra on the right,True,,,,,,,,,
51,cb_train-00006-of-00007_0275,CompBench,multi_object_add,add a zebra on the left of the one far behind the zebra herds and a small zebra to the right of the lion,True,,,,,,,,,
52,cb_train-00006-of-00007_0278,CompBench,multi_object_add,add a yellow bird on the rightmost of the birds and add a grey bird on the left of it,True,,,,,,,,,
53,cb_train-00006-of-00007_0282,CompBench,multi_object_add,add a small dog on the right of the dog on the upper right and a yellow dog on the left of the yellow dog,True,,,,,,,,,
54,cb_train-00006-of-00007_0284,CompBench,multi_object_add,add a small yellow horse on the rightmost and half body of a white horse on the left,True,,,,,,,,,
55,cb_train-00006-of-00007_0285,CompBench,multi_object_add,add a tiger on the leftmost and a tiger standing on the rock on the right,True,,,,,,,,,
56,cb_train-00006-of-00007_0286,CompBench,multi_object_add,add two bears on the right of the bear,True,,,,,,,,,
57,cb_train-00006-of-00007_0288,CompBench,multi_object_add,add a white and red fish above the yellow fish and a black and red fish on the upper right,True,,,,,,,,,
58,cb_train-00006-of-00007_0289,CompBench,multi_object_add,add a white sheep and a black sheep to the right of it,True,,,,,,,,,
59,cb_train-00006-of-00007_0292,CompBench,multi_object_add,add one plane on the left and another one on the right,True,,,,,,,,,
60,cb_train-00006-of-00007_0293,CompBench,multi_object_add,add a smaller crane on the uppper right of the larger crane and a small crane on the left,True,,,,,,,,,
61,cb_train-00006-of-00007_0294,CompBench,multi_object_add,add an antelope in front of the left zebra and an antelope in front of the right zebra,True,,,,,,,,,
62,cb_train-00006-of-00007_0296,CompBench,multi_object_add,add two white rabbits up and down,True,,,,,,,,,
63,cb_train-00006-of-00007_0297,CompBench,multi_object_add,add a zebra on the left of the tiger and a zebra on the left of the rightmost zebra,True,,,,,,,,,
64,cb_train-00006-of-00007_0298,CompBench,multi_object_add,add a red fish above the light yellow fish and a red fish on the upper right,True,,,,,,,,,
65,cb_train-00006-of-00007_0299,CompBench,multi_object_add,add a red fish on the upper left and a light yellow fish in the middle,True,,,,,,,,,
66,cb_train-00006-of-00007_0300,CompBench,multi_object_add,add a red fish on the upper left and a light yellow fish on the left,True,,,,,,,,,
67,cb_train-00006-of-00007_0301,CompBench,multi_object_add,add a red fish in the middle and a light yellow fish on the left of the orange fish,True,,,,,,,,,
68,cb_train-00006-of-00007_0305,CompBench,multi_object_add,add a yellow fish above the red fish in the bottom and a white fish on the right of the red fish on the upper left corner,True,,,,,,,,,
69,cb_train-00006-of-00007_0310,CompBench,multi_object_add,add a black duck on the upper left near the feeding bowl and a black duck facing the feeding bowl in front,True,,,,,,,,,
70,cb_train-00006-of-00007_0311,CompBench,multi_object_add,add two red fish up and down in the water,True,,,,,,,,,
71,cb_train-00006-of-00007_0316,CompBench,multi_object_add,add a white behind the black bird on the right and a black bird standing on the bucket,True,,,,,,,,,
72,cb_train-00006-of-00007_0317,CompBench,multi_object_add,add a black bird in front of the white bird on the left and a black bird in front of the big bowl,True,,,,,,,,,
73,cb_train-00006-of-00007_0325,CompBench,multi_object_add,add two white goats,True,,,,,,,,,
74,cb_train-00006-of-00007_0326,CompBench,multi_object_add,add a duck to the rear left of the rightmost duck and a duck to the rear right of the leftmost duck,True,,,,,,,,,
75,cb_train-00006-of-00007_0332,CompBench,multi_object_add,add a white dog on the rightmost in front of the slope and a taller white dog on the left of the black dog,True,,,,,,,,,
76,cb_train-00006-of-00007_0333,CompBench,multi_object_add,add a monkey hanging on the rope on the upper right and a monkey standing on the wood on the bottom right,True,,,,,,,,,
77,cb_train-00006-of-00007_0335,CompBench,multi_object_add,add a man wearing blue T-shirt and black shorts sitting in the boat and a man wearing blue T-shirt and blue jeans rowing,True,,,,,,,,,
78,cb_train-00006-of-00007_0337,CompBench,multi_object_add,add a blue and grey bird on the right of the leftmost white bird and a white bird on the rightmost,True,,,,,,,,,
79,cb_train-00006-of-00007_0342,CompBench,multi_object_add,add two black birds on the right,True,,,,,,,,,
80,cb_train-00006-of-00007_0344,CompBench,multi_object_remove,remove the upper yellow fish and the white fish on the right,True,,,,,,,,,
81,cb_train-00006-of-00007_0347,CompBench,multi_object_remove,remove the left one between the two zebras far behind the zebra herds and the zebra hunted by the lion,True,,,,,,,,,
82,cb_train-00006-of-00007_0348,CompBench,multi_object_remove,remove the two zebras on the left and right of the lion,True,,,,,,,,,
83,cb_train-00006-of-00007_0350,CompBench,multi_object_remove,remove the grey and the yellow bird on the rightmost of the birds,True,,,,,,,,,
84,cb_train-00006-of-00007_0352,CompBench,multi_object_remove,remove the two long fish,True,,,,,,,,,
85,cb_train-00006-of-00007_0353,CompBench,multi_object_remove,remove the fish tail on the upper left and the fish below,True,,,,,,,,,
86,cb_train-00006-of-00007_0355,CompBench,multi_object_remove,remove the leftmost and the rightmost zebras,True,,,,,,,,,
87,cb_train-00006-of-00007_0358,CompBench,multi_object_remove,remove the two bears on the right,True,,,,,,,,,
88,cb_train-00006-of-00007_0361,CompBench,multi_object_remove,remove the two sheep,True,,,,,,,,,
89,cb_train-00006-of-00007_0362,CompBench,multi_object_remove,remove the two birds flying above,True,,,,,,,,,
90,cb_train-00006-of-00007_0364,CompBench,multi_object_remove,remove the planes,True,,,,,,,,,
91,cb_train-00006-of-00007_0366,CompBench,multi_object_remove,remove the two antelopes,True,,,,,,,,,
92,cb_train-00006-of-00007_0369,CompBench,multi_object_remove,remove the zebra hunted by the lion and the second zebra on the right,True,,,,,,,,,
93,cb_train-00006-of-00007_0370,CompBench,multi_object_remove,remove the red fish above the light yellow fish and the red fish on the upper right,True,,,,,,,,,
94,cb_train-00006-of-00007_0371,CompBench,multi_object_remove,remove the red fish on the upper left and the light yellow fish in the middle,True,,,,,,,,,
95,cb_train-00006-of-00007_0372,CompBench,multi_object_remove,remove the red fish on the upper left and the light yellow fish on the left,True,,,,,,,,,
96,cb_train-00006-of-00007_0373,CompBench,multi_object_remove,remove the red fish in the middle and the light yellow fish on the left of the orange fish,True,,,,,,,,,
97,cb_train-00006-of-00007_0377,CompBench,multi_object_remove,remove the biggest yellow fish in the middle and the white fish on the upper left,True,,,,,,,,,
98,cb_train-00006-of-00007_0378,CompBench,multi_object_remove,remove the leftmost and rightmost white cow,True,,,,,,,,,
99,cb_train-00006-of-00007_0380,CompBench,multi_object_remove,remove the two black ducks,True,,,,,,,,,
100,cb_train-00006-of-00007_0382,CompBench,multi_object_remove,remove all the black ducks except the right one,True,,,,,,,,,
101,cb_train-00006-of-00007_0383,CompBench,multi_object_remove,remove the two fish,True,,,,,,,,,
102,cb_train-00006-of-00007_0384,CompBench,multi_object_remove,remove the rabbit on the left and the one on the upper right,True,,,,,,,,,
103,cb_train-00006-of-00007_0385,CompBench,multi_object_remove,remove the two yellow fish,True,,,,,,,,,
104,cb_train-00006-of-00007_0388,CompBench,multi_object_remove,remove the white bird on the right and the black bird standing on the bucket,True,,,,,,,,,
105,cb_train-00006-of-00007_0389,CompBench,multi_object_remove,remove the two black birds,True,,,,,,,,,
106,cb_train-00006-of-00007_0396,CompBench,multi_object_remove,remove the zebra facing front on the right and the leftmost zebra,True,,,,,,,,,
107,cb_train-00006-of-00007_0401,CompBench,multi_object_remove,remove the rightmost and the leftmost flamingos,True,,,,,,,,,
108,cb_train-00006-of-00007_0403,CompBench,multi_object_remove,remove the rightmost and second rightmost fish,True,,,,,,,,,
109,cb_train-00006-of-00007_0409,CompBench,multi_object_remove,remove the blue and grey bird and the rightmost white bird,True,,,,,,,,,
110,cb_train-00002-of-00007_0183,CompBench,remove,remove the second person on the left,True,,,,,,,,,
111,cb_train-00002-of-00007_0268,CompBench,remove,remove the person on the right,True,,,,,,,,,
112,cb_train-00002-of-00007_0322,CompBench,remove,remove the duck on the rightmost and upper side,True,,,,,,,,,
113,cb_train-00002-of-00007_0323,CompBench,remove,remove the duck in the upper right corner of the duck group,True,,,,,,,,,
114,cb_train-00002-of-00007_0324,CompBench,remove,remove the duck in the upper right corner of the group of ducks,True,,,,,,,,,
115,cb_train-00002-of-00007_0325,CompBench,remove,remove the duck in the upper right corner of the duck flock,True,,,,,,,,,
116,cb_train-00002-of-00007_0339,CompBench,remove,remove the rightmost sheep,True,,,,,,,,,
117,cb_train-00002-of-00007_0367,CompBench,remove,remove the chicken at the lower leftmost,True,,,,,,,,,
118,cb_train-00002-of-00007_0377,CompBench,remove,remove the cat on the right,True,,,,,,,,,
119,cb_train-00002-of-00007_0385,CompBench,remove,remove the green bird on the upper side,True,,,,,,,,,
120,cb_train-00002-of-00007_0405,CompBench,remove,remove the dog,True,,,,,,,,,
121,cb_train-00003-of-00007_0025,CompBench,remove,remove the second monkey on the left,True,,,,,,,,,
122,cb_train-00003-of-00007_0026,CompBench,remove,remove the rightmost monkey on the wooden boat,True,,,,,,,,,
123,cb_train-00003-of-00007_0027,CompBench,remove,remove the second monkey on the right side of the boat,True,,,,,,,,,
124,cb_train-00003-of-00007_0041,CompBench,remove,remove the rightmost bear,True,,,,,,,,,
125,cb_train-00003-of-00007_0046,CompBench,remove,remove the second bear on the right,True,,,,,,,,,
126,cb_train-00003-of-00007_0061,CompBench,remove,remove the zebra on the right,True,,,,,,,,,
127,cb_train-00003-of-00007_0080,CompBench,remove,remove the cat,True,,,,,,,,,
128,cb_train-00003-of-00007_0086,CompBench,remove,remove the leftmost dog,True,,,,,,,,,
129,cb_train-00003-of-00007_0087,CompBench,remove,remove the rightmost dog,True,,,,,,,,,
130,cb_train-00003-of-00007_0123,CompBench,remove,remove the leftmost chicken,True,,,,,,,,,
131,cb_train-00003-of-00007_0138,CompBench,remove,remove the zebra in the middle of the left,True,,,,,,,,,
132,cb_train-00003-of-00007_0139,CompBench,remove,remove the rabbit on the top,True,,,,,,,,,
133,cb_train-00003-of-00007_0142,CompBench,remove,remove the leftmost giraffe,True,,,,,,,,,
134,cb_train-00003-of-00007_0147,CompBench,remove,remove the bear on the rightmost,True,,,,,,,,,
135,cb_train-00003-of-00007_0148,CompBench,remove,remove the bear on the rightmost,True,,,,,,,,,
136,cb_train-00003-of-00007_0149,CompBench,remove,remove the bear on the rightmost,True,,,,,,,,,
137,cb_train-00003-of-00007_0150,CompBench,remove,remove the rightmost bear,True,,,,,,,,,
138,cb_train-00003-of-00007_0168,CompBench,remove,remove the white fish on the upper part,True,,,,,,,,,
139,cb_train-00003-of-00007_0174,CompBench,remove,remove the rightmost zebra,True,,,,,,,,,
140,cb_train-00003-of-00007_0179,CompBench,remove,remove the person,True,,,,,,,,,
141,cb_train-00003-of-00007_0183,CompBench,remove,remove the fish on the left,True,,,,,,,,,
142,cb_train-00003-of-00007_0191,CompBench,remove,remove the turtle in the upper left,True,,,,,,,,,
143,cb_train-00003-of-00007_0196,CompBench,remove,remove the goose,True,,,,,,,,,
144,cb_train-00003-of-00007_0201,CompBench,remove,remove the leftmost tiger,True,,,,,,,,,
145,cb_train-00003-of-00007_0207,CompBench,remove,remove the rightmost bird,True,,,,,,,,,
146,cb_train-00003-of-00007_0229,CompBench,remove,remove the second bird on the left,True,,,,,,,,,
147,cb_train-00003-of-00007_0230,CompBench,remove,remove the second crane on the left,True,,,,,,,,,
148,cb_train-00003-of-00007_0232,CompBench,remove,remove the second crane from the left,True,,,,,,,,,
149,cb_train-00004-of-00007_0121,CompBench,remove,remove the bottommost turtle,True,,,,,,,,,
150,cb_train-00004-of-00007_0139,CompBench,remove,remove the leftmost sheep,True,,,,,,,,,
151,cb_train-00004-of-00007_0158,CompBench,remove,remove the leftmost duck in the group of ducks,True,,,,,,,,,
152,cb_train-00004-of-00007_0212,CompBench,remove,remove the car on the road and by the fence,True,,,,,,,,,
153,cb_train-00004-of-00007_0218,CompBench,remove,remove the leftmost black fish,True,,,,,,,,,
154,cb_train-00004-of-00007_0264,CompBench,remove,remove the zebra on the right,True,,,,,,,,,
155,cb_train-00004-of-00007_0299,CompBench,remove,remove the bird on the left,True,,,,,,,,,
156,cb_train-00004-of-00007_0304,CompBench,remove,remove the fish in the distance,True,,,,,,,,,
157,cb_train-00004-of-00007_0346,CompBench,remove,remove the rightmost bear,True,,,,,,,,,
158,cb_train-00004-of-00007_0349,CompBench,remove,remove the person,True,,,,,,,,,
159,cb_train-00004-of-00007_0359,CompBench,remove,remove the dog on the right,True,,,,,,,,,
160,cb_train-00004-of-00007_0393,CompBench,remove,remove the airplane on the ground with a green protective net,True,,,,,,,,,
161,cb_train-00005-of-00007_0007,CompBench,remove,remove the plane in the middle of the group of planes,True,,,,,,,,,
162,cb_train-00005-of-00007_0008,CompBench,remove,remove the sheep on the right,True,,,,,,,,,
163,cb_train-00005-of-00007_0009,CompBench,remove,remove the car on the left,True,,,,,,,,,
164,cb_train-00005-of-00007_0086,CompBench,remove,remove the dog,True,,,,,,,,,
165,cb_train-00005-of-00007_0154,CompBench,remove,remove the leftmost pigeon,True,,,,,,,,,
166,cb_train-00005-of-00007_0180,CompBench,remove,remove the cat at the bottom,True,,,,,,,,,
167,cb_train-00005-of-00007_0189,CompBench,remove,remove the rightmost giraffe,True,,,,,,,,,
168,cb_train-00005-of-00007_0193,CompBench,remove,remove the plane on the left,True,,,,,,,,,
169,cb_train-00005-of-00007_0198,CompBench,remove,remove the leftmost chicken,True,,,,,,,,,
170,cb_train-00005-of-00007_0238,CompBench,replace,replace the fish on the right with a black camera long lens,True,,,,,,,,,
171,cb_train-00005-of-00007_0247,CompBench,replace,replace the person on the right with a person in white,True,,,,,,,,,
172,cb_train-00005-of-00007_0248,CompBench,replace,replace the man in black on the right with a woman in white without a backpack,True,,,,,,,,,
173,cb_train-00005-of-00007_0249,CompBench,replace,replace the rightmost black-clothed person with a white-clothed woman without a backpack,True,,,,,,,,,
174,cb_train-00005-of-00007_0250,CompBench,replace,replace the person on the right with a person wearing white,True,,,,,,,,,
175,cb_train-00005-of-00007_0273,CompBench,replace,replace the giraffe with a black bird facing left,True,,,,,,,,,
176,cb_train-00005-of-00007_0285,CompBench,replace,replace the monkey on the right with a camera,True,,,,,,,,,
177,cb_train-00005-of-00007_0290,CompBench,replace,replace the inflatable kayak with an iron boat,True,,,,,,,,,
178,cb_train-00005-of-00007_0291,CompBench,replace,replace the red kayak with a white wooden boat,True,,,,,,,,,
179,cb_train-00005-of-00007_0295,CompBench,replace,replace the bus with a white car moving to the left,True,,,,,,,,,
180,cb_train-00005-of-00007_0297,CompBench,replace,replace the leftmost rabbit with a small table model,True,,,,,,,,,
181,cb_train-00005-of-00007_0298,CompBench,replace,replace the leftmost person with a person in black who is facing away,True,,,,,,,,,
182,cb_train-00005-of-00007_0303,CompBench,replace,replace the brown SUV with a white SUV,True,,,,,,,,,
183,cb_train-00005-of-00007_0304,CompBench,replace,replace the van with a silver car driving to the right,True,,,,,,,,,
184,cb_train-00005-of-00007_0306,CompBench,replace,replace the brown car with a grey pickup truck heading right,True,,,,,,,,,
185,cb_train-00005-of-00007_0307,CompBench,replace,replace the small car with a black motorcycle with brown side boxes riding to the right,True,,,,,,,,,
186,cb_train-00005-of-00007_0310,CompBench,replace,replace the cat on the left with a small table and a cup,True,,,,,,,,,
187,cb_train-00005-of-00007_0311,CompBench,replace,replace the black MPV with a grey-black sedan,True,,,,,,,,,
188,cb_train-00005-of-00007_0314,CompBench,replace,replace the orange motorcycle with a blue motorcycle,True,,,,,,,,,
189,cb_train-00005-of-00007_0315,CompBench,replace,replace the orange motorcycle with a blue motorcycle,True,,,,,,,,,
190,cb_train-00005-of-00007_0316,CompBench,replace,replace the orange motorcycle with a blue motorcycle,True,,,,,,,,,
191,cb_train-00005-of-00007_0317,CompBench,replace,replace the white rabbit on the left with a cup,True,,,,,,,,,
192,cb_train-00005-of-00007_0323,CompBench,replace,replace the turtle on the right with a black small table,True,,,,,,,,,
193,cb_train-00005-of-00007_0325,CompBench,replace,replace the red and white fish with a black camera,True,,,,,,,,,
194,cb_train-00005-of-00007_0326,CompBench,replace,replace the fish on the right with a lens,True,,,,,,,,,
195,cb_train-00005-of-00007_0328,CompBench,replace,replace the car on the left with a blue and white bus,True,,,,,,,,,
196,cb_train-00005-of-00007_0332,CompBench,replace,replace the truck with a white car in front,True,,,,,,,,,
197,cb_train-00005-of-00007_0334,CompBench,replace,replace the bottom rabbit with a silver bowl,True,,,,,,,,,
198,cb_train-00005-of-00007_0335,CompBench,replace,replace the white rabbit with a black clock,True,,,,,,,,,
199,cb_train-00005-of-00007_0336,CompBench,replace,replace the white rabbit on the right with a camera,True,,,,,,,,,
200,cb_train-00005-of-00007_0337,CompBench,replace,replace the white rabbit in front with a white bottle,True,,,,,,,,,
201,cb_train-00005-of-00007_0338,CompBench,replace,replace the rabbit with a cup,True,,,,,,,,,
202,cb_train-00005-of-00007_0339,CompBench,replace,replace the upper right rabbit with a cup,True,,,,,,,,,
203,cb_train-00005-of-00007_0340,CompBench,replace,replace the orange cat in the middle with a sign,True,,,,,,,,,
204,cb_train-00005-of-00007_0344,CompBench,replace,replace the white cat on the right with a black shelf,True,,,,,,,,,
205,cb_train-00005-of-00007_0345,CompBench,replace,replace the boat below with a bridge,True,,,,,,,,,
206,cb_train-00005-of-00007_0353,CompBench,replace,replace the cat on the right with a purple-black cushion,True,,,,,,,,,
207,cb_train-00005-of-00007_0355,CompBench,replace,replace the cat on the right with a black circle,True,,,,,,,,,
208,cb_train-00005-of-00007_0356,CompBench,replace,replace the black cat on the right with a black cushion,True,,,,,,,,,
209,cb_train-00005-of-00007_0357,CompBench,replace,replace the cat on the right with a black rope,True,,,,,,,,,
210,cb_train-00005-of-00007_0360,CompBench,replace,replace the dog on the left with a chair,True,,,,,,,,,
211,cb_train-00005-of-00007_0361,CompBench,replace,replace the white dog with a black stool,True,,,,,,,,,
212,cb_train-00005-of-00007_0362,CompBench,replace,replace the white sheep in front with a black chair,True,,,,,,,,,
213,cb_train-00005-of-00007_0367,CompBench,replace,replace the turtle with a black pot,True,,,,,,,,,
214,cb_train-00005-of-00007_0368,CompBench,replace,replace the turtle in the middle with a small table,True,,,,,,,,,
215,cb_train-00005-of-00007_0369,CompBench,replace,replace the middle turtle with a wooden chair,True,,,,,,,,,
216,cb_train-00005-of-00007_0382,CompBench,replace,replace the leftmost dog with a black pot,True,,,,,,,,,
217,cb_train-00005-of-00007_0383,CompBench,replace,replace the yellow dog with a cardboard box,True,,,,,,,,,
218,cb_train-00005-of-00007_0384,CompBench,replace,replace the dog with a silver-blue four-legged stool,True,,,,,,,,,
219,cb_train-00005-of-00007_0386,CompBench,replace,replace the greyhound with a bench,True,,,,,,,,,
220,he_0-frDDoQqUw,HumanEdit,add,Add a top.,True,,,,,,,,,
221,he_000000000307,HumanEdit,add,Place a black dog with the neck is white in the center of the image.,True,,,,,,,,,
222,he_000000093106,HumanEdit,add,Add a top hat.,True,,,,,,,,,
223,he_0CgpDVNOKgs,HumanEdit,add,Add a hat.,True,,,,,,,,,
224,he_0E_vhMVqL9g,HumanEdit,add,Add a hat.,True,,,,,,,,,
225,he_0G9rZGQqGig,HumanEdit,add,Add a straw hat on the head.,True,,,,,,,,,
226,he_0eKR4M2uuL8,HumanEdit,add,Add a pair of sunglasses.,True,,,,,,,,,
227,he_0fOAmzgZ5cA,HumanEdit,add,Add water bottle.,True,,,,,,,,,
228,he_0jRQ-_fM0gM,HumanEdit,add,Add a white strawberry to the middle of several red strawberries.,True,,,,,,,,,
229,he_0qEmA2h57Pk,HumanEdit,add,Put a moon in the middle of the sky without any clouds,True,,,,,,,,,
230,he_0qqWALcBFnY(1),HumanEdit,add,Add a puppy to the right of the person,True,,,,,,,,,
231,he_1kdIG_258bU,HumanEdit,add,"Add a red boat in the lower right corner of the picture, with an orange-red light on the bow",True,,,,,,,,,
232,he_2OX0bKvL1-I,HumanEdit,add,Woman holding a spoon,True,,,,,,,,,
233,he_2mSzfaseWvg,HumanEdit,add,A butterfly is perched on the top of a dandelion,True,,,,,,,,,
234,he_3c1Jv1EXYtc,HumanEdit,add,Put a small hat on the woman,True,,,,,,,,,
235,he_4Cjn0FDEud8,HumanEdit,add,Add a hat.,True,,,,,,,,,
236,he_4cNByrzzNik,HumanEdit,add,Add a hat.,True,,,,,,,,,
237,he_5Hwt59WvpqM,HumanEdit,add,Add an insect.,True,,,,,,,,,
238,he_5Ufu-tY-Txk,HumanEdit,add,Add brown tops.,True,,,,,,,,,
239,he_8VPSh4Wj61Q,HumanEdit,add,Add a bee in the center of the flower in the middle of the picture,True,,,,,,,,,
240,he_8n-3h1WkaQk,HumanEdit,add,Add snow.,True,,,,,,,,,
241,he_8v2Dz6vfN80,HumanEdit,add,Add a butterfly and stick it on the flower,True,,,,,,,,,
242,he_973wAyYLeL0,HumanEdit,add,Add a bee in the center of the picture,True,,,,,,,,,
243,he_A_HTot3y5XA,HumanEdit,add,Add bees.,True,,,,,,,,,
244,he_CQwFUfliJyU,HumanEdit,add,Add a hat.,True,,,,,,,,,
245,he_CnSIcPtMG7U,HumanEdit,add,Add a hat.,True,,,,,,,,,
246,he_KJE--xk4AWE,HumanEdit,add,Add a hat.,True,,,,,,,,,
247,he_NfWZ6RB7KAY,HumanEdit,add,Add a hat.,True,,,,,,,,,
248,he_OuYESbJjiW0,HumanEdit,add,What if the wall is made of pure wood and not painted?,True,,,,,,,,,
249,he_Vw07IRhemag(1),HumanEdit,add,Add a hat.,True,,,,,,,,,
250,he__-HoZoogPgI,HumanEdit,add,Add glasses.,True,,,,,,,,,
251,he__3LvzSuueSM,HumanEdit,add,The child holds a milk bottle in his right hand,True,,,,,,,,,
252,he__Jsde7RXd3o,HumanEdit,add,Add a fly to the transparent ball of the prototype,True,,,,,,,,,
253,he__oHRmhtvpWc,HumanEdit,add,Add dazzling lighting.,True,,,,,,,,,
254,he__vln5e2nOK0,HumanEdit,add,Get your child dressed,True,,,,,,,,,
255,he_axoIDVk0ThE,HumanEdit,add,Add a hat.,True,,,,,,,,,
256,he_bgoE05DFF9U,HumanEdit,add,Put a hat on the girl's head.,True,,,,,,,,,
257,he_nDExp37E9bs,HumanEdit,add,Add a hat.,True,,,,,,,,,
258,he_oUoRl1xBRaM,HumanEdit,add,Add a person walking in the center of the road.,True,,,,,,,,,
259,he_oV4bR3YoR_s,HumanEdit,add,What if there is a kayak parked by the water?,True,,,,,,,,,
260,he_ovlpqD8fb4M(1),HumanEdit,add,A rainbow appeared in front of the waterfall.,True,,,,,,,,,
261,he_ow87HfF-uG8,HumanEdit,add,Add a bee to the flower.,True,,,,,,,,,
262,he_000000089503,HumanEdit,counting,The number of giraffes changes from four to one.,True,,,,,,,,,
263,he_5-jtsfuaLBw,HumanEdit,counting,Turn a pile of withered leaves into a single withered leaf.,True,,,,,,,,,
264,he_5jUzLCyOBTk,HumanEdit,counting,Turn many bundles into one bundle.,True,,,,,,,,,
265,he_875kF6aOmTQ,HumanEdit,counting,Hockey players went from 3 to 2,True,,,,,,,,,
266,he_AvczuPZK6C0,HumanEdit,counting,Turn two cows into one cow.,True,,,,,,,,,
267,he_CiNHG2xuVlQ,HumanEdit,counting,Nine pictures become two.,True,,,,,,,,,
268,he_DWGBY2Wuqeo,HumanEdit,counting,Reduce the quantity by half.,True,,,,,,,,,
269,he_GQD3Av_9A88,HumanEdit,counting,"Of the 3 bonsai, only the red one is left.",True,,,,,,,,,
270,he_KfUshu6kbS4,HumanEdit,counting,Increase strawberries from one and a half to two.,True,,,,,,,,,
271,he_MvxMvPO3S1M,HumanEdit,counting,"The number of people decreases from 3 to 1, leaving only the person in the middle",True,,,,,,,,,
272,he_a0HEdfec_C0,HumanEdit,counting,Change the light bulb from one to three.,True,,,,,,,,,
273,he_cNTHQtQq4YU,HumanEdit,counting,Transform one sunflower in the vase into three.,True,,,,,,,,,
274,he_fdmPdHatM5E,HumanEdit,counting,Show the billboard only in Chinese.,True,,,,,,,,,
275,he_gYqrSOyJu9I,HumanEdit,counting,"Of the four firefighters, only the one furthest from the door stayed..",True,,,,,,,,,
276,he_k4SiuG9YzdE,HumanEdit,counting,"There are 3 blueberries outside the plate, which becomes 1.",True,,,,,,,,,
277,he_kcJr7qBdhKY,HumanEdit,counting,The three birds became just the biggest one left.,True,,,,,,,,,
278,he_p6Cavyt_-WA,HumanEdit,counting,Only one woman was left out of the four people in the room.,True,,,,,,,,,
279,he_ubA4MSQh9Po,HumanEdit,counting,Removing the horse without a lowered head makes the number of horses go from 2 to 1.,True,,,,,,,,,
280,he_04iFOldrYig,HumanEdit,remove,Remove all the cattle.,True,,,,,,,,,
281,he_0gQ8Fh1f54k,HumanEdit,remove,Remove the lime from the noodles.,True,,,,,,,,,
282,he_0wtaJS_nxBQ,HumanEdit,remove,Remove the girl wearing the black top from the picture,True,,,,,,,,,
283,he_10ca-K3e6Ko,HumanEdit,remove,Remove the white pattern from the black T-shirt.,True,,,,,,,,,
284,he_11tmJit0vQk,HumanEdit,remove,Remove the building in the lower right corner.,True,,,,,,,,,
285,he_1Lw1ZSRPm7o,HumanEdit,remove,Remove camels on the left in the desert.,True,,,,,,,,,
286,he_1RTvJnAiFtI,HumanEdit,remove,Remove the leaves on the left side of the branch.,True,,,,,,,,,
287,he_1SQsg_2eGdo,HumanEdit,remove,Remove the camera.,True,,,,,,,,,
288,he_2OalKAckLvU,HumanEdit,remove,What happens if there is no one on the zebra crossing?,True,,,,,,,,,
289,he_2Pm3LPrKvE4,HumanEdit,remove,Remove the larger snowflake at the back,True,,,,,,,,,
290,he_3IUTxfKJl34,HumanEdit,remove,Remove the middle giraffe,True,,,,,,,,,
291,he_3N4Z-OM1u78,HumanEdit,remove,Remove the boy on the right.,True,,,,,,,,,
292,he_3O25t7H2xmE,HumanEdit,remove,Remove people.,True,,,,,,,,,
293,he_3XUijzqLOV8,HumanEdit,remove,Remove a coconut tree on the left.,True,,,,,,,,,
294,he_3gvrzToFyXI,HumanEdit,remove,Remove light.,True,,,,,,,,,
295,he_3suAHB4_Smo,HumanEdit,remove,Remove the middle tree.,True,,,,,,,,,
296,he_4A1pj4_vClA,HumanEdit,remove,Remove the teapot.,True,,,,,,,,,
297,he_4BuNQT3IS_Y,HumanEdit,remove,Remove the bottom of the toy.,True,,,,,,,,,
298,he_4J_1bwE8-BY,HumanEdit,remove,Remove the top bird from the two,True,,,,,,,,,
299,he_4LnCTXNJit4,HumanEdit,remove,Remove the stone in the lower right corner of the screen,True,,,,,,,,,
300,he_4O3-PT_1eMY,HumanEdit,remove,Remove the medicine bottle in the lower right corner of the image,True,,,,,,,,,
301,he_4mu1thNgK24,HumanEdit,remove,Remove the ball.,True,,,,,,,,,
302,he_51adhgg5KkE,HumanEdit,remove,Remove the water glass.,True,,,,,,,,,
303,he_5D3SQkXKNhk,HumanEdit,remove,Remove glasses.,True,,,,,,,,,
304,he_5H4p2FEBmf4,HumanEdit,remove,Remove the shoes.,True,,,,,,,,,
305,he_5NJHUpmzD20,HumanEdit,remove,Remove white stripes from black shorts.,True,,,,,,,,,
306,he_5Qx4QBht_N4,HumanEdit,remove,Remove the brown on the feet of the blue and white bear doll.,True,,,,,,,,,
307,he_5SoGp8vJO00,HumanEdit,remove,Remove the top three lights.,True,,,,,,,,,
308,he_5V_pMmsv7wk,HumanEdit,remove,Remove the grass on the left.,True,,,,,,,,,
309,he_5glUYvzsWGY,HumanEdit,remove,Remove the hat.,True,,,,,,,,,
310,he_5htXZu3V3oM,HumanEdit,remove,Remove people from the beach.,True,,,,,,,,,
311,he_5iX4W5tIjYM,HumanEdit,remove,Remove ladybugs.,True,,,,,,,,,
312,he_5mTOegXTMUM,HumanEdit,remove,Remove white patterns from clothing.,True,,,,,,,,,
313,he_5mmngbWIflg,HumanEdit,remove,Remove wood from the water.,True,,,,,,,,,
314,he_5sh24a7m0BU,HumanEdit,remove,Remove the words 'There is' in the top row of the board.,True,,,,,,,,,
315,he_6-Grz7txpe8,HumanEdit,remove,Remove the pyramid behind the Sphinx,True,,,,,,,,,
316,he_6g-b4Ewoho0,HumanEdit,remove,Remove the red ball.,True,,,,,,,,,
317,he_7XHbr-V62IM,HumanEdit,remove,Remove the person farthest from the basket in the frame,True,,,,,,,,,
318,he_7tyW8-6rb_4,HumanEdit,remove,Remove the bottom fruit,True,,,,,,,,,
319,he_7wIg5ENOSCw,HumanEdit,remove,Remove the parasol behind the boy,True,,,,,,,,,
320,he_8VmiMhameng,HumanEdit,remove,Remove all the people behind the man in the center of the picture,True,,,,,,,,,
321,he_8bSV4ulfbzo,HumanEdit,remove,Remove the moon.,True,,,,,,,,,
322,he_8pc5B4rnw_I,HumanEdit,remove,Remove the woman in the middle of the road,True,,,,,,,,,
323,he_8s0x8fqTGXE,HumanEdit,remove,Remove cars and people.,True,,,,,,,,,
324,he_8tN3flDTQBU,HumanEdit,remove,Remove people standing in the middle of the road.,True,,,,,,,,,
325,he_9TdomzK-2d0,HumanEdit,remove,Remove people from the desert.,True,,,,,,,,,
326,he_9UNuCjJnQbA,HumanEdit,remove,Remove the phone from the quilt.,True,,,,,,,,,
327,he_9V2d3RoUEdk,HumanEdit,remove,Remove the leaves on the right.,True,,,,,,,,,
328,he_9Vq-VuI7woY,HumanEdit,remove,Remove the monk sculpture on the far right.,True,,,,,,,,,
329,he_9iR21DGebEs,HumanEdit,remove,Remove the woman at the back of the two women,True,,,,,,,,,
330,he_9swU_dZxwGg,HumanEdit,remove,Remove the leaves in the lower left corner.,True,,,,,,,,,
331,he_AxnzedBAdxo,HumanEdit,remove,Remove the sunglasses.,True,,,,,,,,,
332,he_N92PmuFjVOI,HumanEdit,remove,Remove the right girl.,True,,,,,,,,,
333,he_OdjhBf4Ar4I,HumanEdit,remove,Only the cup filled with blue liquid is left,True,,,,,,,,,
334,he__M4SLgyL3Ps,HumanEdit,remove,Remove the items on the left wall.,True,,,,,,,,,
335,he__RnbxS6vUb8,HumanEdit,remove,Remove the little fox on the left.,True,,,,,,,,,
336,he__Wt5CgwWk1k,HumanEdit,remove,Remove pattern in the top of the girl.,True,,,,,,,,,
337,he__g30Vjnlhkk,HumanEdit,remove,Remove a dog collar.,True,,,,,,,,,
338,he__hpk_92Crhs,HumanEdit,remove,Remove clouds between mountains,True,,,,,,,,,
339,he__w0XkDuLj88,HumanEdit,remove,Remove things from the blanket.,True,,,,,,,,,
340,he_-3E9wA9VWCY,HumanEdit,replace,Change white top to black top.,True,,,,,,,,,
341,he_-3Mbr-3-e2s,HumanEdit,replace,Replace the black hat of the big doll in the middle with a Santa hat,True,,,,,,,,,
342,he_0HPhEPT3FmE,HumanEdit,replace,Replace the red flower on the left with a white flower.,True,,,,,,,,,
343,he_0Ut0pNrTdQo,HumanEdit,replace,Replace the Statue of Liberty with a lighthouse.,True,,,,,,,,,
344,he_0hwoPb13zuQ,HumanEdit,replace,Replace a woman's gold necklace with a brown and black one.,True,,,,,,,,,
345,he_0l_PZ1mO_ZA,HumanEdit,replace,Replace the color of the clothes.,True,,,,,,,,,
346,he_0pSsWN8uqAE,HumanEdit,replace,Change the number6 in the shirt to 8.,True,,,,,,,,,
347,he_1GxT-yz-PGQ,HumanEdit,replace,Change black hat to white hat.,True,,,,,,,,,
348,he_1KTNlv11tDc,HumanEdit,replace,Replace the pink flower in the left shoe with blue.,True,,,,,,,,,
349,he_1dwyU46p7eE,HumanEdit,replace,Turn white top into blue.,True,,,,,,,,,
350,he_1fb6ubsKS0w,HumanEdit,replace,Change another yellow skirt to black.,True,,,,,,,,,
351,he_1fdh8ho4jiM,HumanEdit,replace,Change blue top to white.,True,,,,,,,,,
352,he_28ztKXfneYk,HumanEdit,replace,Replace the grass in the lower left corner and the clod in the lower right corner with grass.,True,,,,,,,,,
353,he_29h2n639YDA,HumanEdit,replace,Replace the fruit in the lower right corner with an apple.,True,,,,,,,,,
354,he_2rIs8OH5ng0,HumanEdit,replace,Change the black top to a white lace top,True,,,,,,,,,
355,he_30AOxN5emxs,HumanEdit,replace,Swap black pants for blue pants.,True,,,,,,,,,
356,he_3KawHcKmfAw,HumanEdit,replace,Change the white top to a black top.,True,,,,,,,,,
357,he_3OG8ywzgjJY,HumanEdit,replace,Replace yellow hair with black.,True,,,,,,,,,
358,he_3OQejbTxeTY,HumanEdit,replace,Replace the powder in front of the bottle with a small white cup.,True,,,,,,,,,
359,he_3QDsA0uUd4k,HumanEdit,replace,Replace the front greenery with a prickly cactus.,True,,,,,,,,,
360,he_3Qi0PkM_Wes,HumanEdit,replace,Replace a child's curly hair with hair only on the top of the head.,True,,,,,,,,,
361,he_3SwQ_pDAitQ,HumanEdit,replace,Change the bug's eyes to yellow.,True,,,,,,,,,
362,he_3d853e9ZjPM,HumanEdit,replace,White hat with black chin strap replaced with black hat with white chin strap,True,,,,,,,,,
363,he_3ifyMZdTDUY,HumanEdit,replace,Change eye color to yellow.,True,,,,,,,,,
364,he_3khMcS5CLN0,HumanEdit,replace,Change the white top to a black top.,True,,,,,,,,,
365,he_3qoJo9hp2Ak,HumanEdit,replace,Replace the pomegranate on the right with an onion.,True,,,,,,,,,
366,he_3sBnJqI8LXo,HumanEdit,replace,Replace the trees on the right with white mist.,True,,,,,,,,,
367,he_3t6rfsCaWiQ,HumanEdit,replace,Replace a woman's brown bag with a plaid bag.,True,,,,,,,,,
368,he_3tvnHnUXjDU,HumanEdit,replace,Replace the three yellow flowers in the middle with three white flowers.,True,,,,,,,,,
369,he_46juD4zY1XA,HumanEdit,replace,Change the paint on the far right to pink.,True,,,,,,,,,
370,he_50uhRqRVJM8,HumanEdit,replace,Wear a red halter dress with a pink dress behind it.,True,,,,,,,,,
371,he_5r7YLkOwwQg,HumanEdit,replace,Swap black hair for blonde hair.,True,,,,,,,,,
372,he_6hkjCMStvQ0,HumanEdit,replace,Switch to a black cup.,True,,,,,,,,,
373,he_6zKEK46iVIc,HumanEdit,replace,Turn water droplets into small snails.,True,,,,,,,,,
374,he_7zfQ6sbWVyE,HumanEdit,replace,Turn the small tomato in the upper right corner of the picture into a big tomato,True,,,,,,,,,
375,he_805S0qauwKQ,HumanEdit,replace,Replace your black top with a white summer top,True,,,,,,,,,
376,he_87InWldRhgs,HumanEdit,replace,Replace the cucumber slices on your eyes with a piece of chrysanthemum,True,,,,,,,,,
377,he_8TgvLWnhlbQ,HumanEdit,replace,Turn the phone from the back to the front,True,,,,,,,,,
378,he_8VxLn3IgokM,HumanEdit,replace,Change the black top to white.,True,,,,,,,,,
379,he_8a3LPB-Z9Ag,HumanEdit,replace,Change the skirt to a white top and pink skirt,True,,,,,,,,,
380,he_8vn4KvfU640,HumanEdit,replace,Change the green top to black.,True,,,,,,,,,
381,he_9T-ECH-1Tj0,HumanEdit,replace,Replace the round moon with a meniscus.,True,,,,,,,,,
382,he_9sZ_aSCZ0W8,HumanEdit,replace,Replace the black phone on the left with a mouse.,True,,,,,,,,,
383,he_9t1l8iKx1xA,HumanEdit,replace,Turn the rabbit's pink ears into white ears.,True,,,,,,,,,
384,he_9u2GMRE8MdE,HumanEdit,replace,Replace the picture on the left with a rabbit.,True,,,,,,,,,
385,he_9uUy6Rf7iPw,HumanEdit,replace,Replace the orange feathers in the middle of the bird with pink.,True,,,,,,,,,
386,he_9vHPCKymSh0,HumanEdit,replace,Swap a woman's black belt for a white skirt.,True,,,,,,,,,
387,he_A_f5ucMXRH4,HumanEdit,replace,Change glasses to sunglasses.,True,,,,,,,,,
388,he_Vdkm_nd237s,HumanEdit,replace,Replace the white light ball on the right with red.,True,,,,,,,,,
389,he__RfbgayXWOk,HumanEdit,replace,Turn the two pine cones on the left side of the table into red apples on a wooden plate.,True,,,,,,,,,
390,he__Rh_zxIUWXA,HumanEdit,replace,Replace the blue mask on a woman's face with a silver one.,True,,,,,,,,,
391,he__SMGQ74kB3c,HumanEdit,replace,Replace the plain black pants of a woman in the desert with pants printed with many large flowers.,True,,,,,,,,,
392,he__XQflc16W0I,HumanEdit,replace,Replace the donut-shaped nose with a normal nose,True,,,,,,,,,
393,he__rWF1DVWkUs,HumanEdit,replace,Replace the black skirt worn by the woman in the middle with black shorts.,True,,,,,,,,,
394,he__urKfD3fUK8,HumanEdit,replace,Change the pencil color to red.,True,,,,,,,,,
395,he__v1ipqy_fd4,HumanEdit,replace,Change the ice block in the hand to  a chrysanthemum.,True,,,,,,,,,
396,he__zd5Lqg6qwc,HumanEdit,replace,Change blue and white plaid top to black top.,True,,,,,,,,,
397,he_fbAnIjhrOL4,HumanEdit,replace,Replace the cactus with a red rose.,True,,,,,,,,,
398,he_kC28celkE_0,HumanEdit,replace,Change to tan leather shoes and lean on the railing with your left foot on tiptoe.,True,,,,,,,,,
399,he_ouDjrbw-fs0,HumanEdit,replace,Pink lipstick turns into red lipstick.,True,,,,,,,,,
400,rs_000101_1,ReShapeBench,multi_object,Change the classic street lamp into a modern solar-powered light pole,True,needs_sam2_mask_refinement|no_gt_image,,,,,,,,
401,rs_000101_2,ReShapeBench,multi_object,Change the classic street lamp into an ornate cast-iron clock post,True,needs_sam2_mask_refinement|no_gt_image,,,,,,,,
402,rs_000102_1,ReShapeBench,multi_object,Change the flock of sheep into a small herd of goats,False,needs_sam2_mask_refinement|no_gt_image|too_many_mask_components,,,,,,,,
403,rs_000102_2,ReShapeBench,multi_object,Change the flock of sheep into a group of grazing alpacas,False,needs_sam2_mask_refinement|no_gt_image|too_many_mask_components,,,,,,,,
404,rs_000103_1,ReShapeBench,multi_object,Change the cat-face pillow into a round striped cushion,False,mask_area_above_limit|needs_sam2_mask_refinement|no_gt_image,,,,,,,,
405,rs_000104_2,ReShapeBench,multi_object,Change the metal sugar bowl into a glass honey dispenser with a metal lid,False,mask_area_above_limit|needs_sam2_mask_refinement|no_gt_image,,,,,,,,
406,rs_000105_1,ReShapeBench,multi_object,Change the wooden chair into a white wicker bench,True,needs_sam2_mask_refinement|no_gt_image,,,,,,,,
407,rs_000105_2,ReShapeBench,multi_object,Change the wooden chair into a rustic tree stump,True,needs_sam2_mask_refinement|no_gt_image,,,,,,,,
408,rs_000106_1,ReShapeBench,multi_object,"Change the shepherd into a woman in a bright red dress and sun hat, carrying a basket",False,needs_sam2_mask_refinement|no_gt_image|too_many_mask_components,,,,,,,,
409,rs_000106_2,ReShapeBench,multi_object,"Change the shepherd into a young boy in overalls and a straw hat, holding a wooden flute",False,needs_sam2_mask_refinement|no_gt_image|too_many_mask_components,,,,,,,,
410,rs_000107_1,ReShapeBench,multi_object,Change the ice-cream cone into a red balloon,True,needs_sam2_mask_refinement|no_gt_image,,,,,,,,
411,rs_000107_2,ReShapeBench,multi_object,Change the ice-cream cone into a toy airplane,True,needs_sam2_mask_refinement|no_gt_image,,,,,,,,
412,rs_000108_1,ReShapeBench,multi_object,Change the yellow bicycle with a basket into a classic black scooter,False,needs_sam2_mask_refinement|no_gt_image|too_many_mask_components,,,,,,,,
413,rs_000108_2,ReShapeBench,multi_object,Change the yellow bicycle with a basket into a vintage wooden cart with metal wheels,False,needs_sam2_mask_refinement|no_gt_image|too_many_mask_components,,,,,,,,
414,rs_000109_2,ReShapeBench,multi_object,Change the glass of orange spritz into a glass of iced matcha latte,False,mask_area_above_limit|needs_sam2_mask_refinement|no_gt_image,,,,,,,,
415,rs_000110_2,ReShapeBench,multi_object,Change the plastic-wrapped buns into green apples,False,mask_area_above_limit|needs_sam2_mask_refinement|no_gt_image,,,,,,,,
416,rs_000111_1,ReShapeBench,multi_object,Change the white umbrella into a white folding chair,True,needs_sam2_mask_refinement|no_gt_image,,,,,,,,
417,rs_000111_2,ReShapeBench,multi_object,Change the white umbrella into a large bouquet of white flowers,True,needs_sam2_mask_refinement|no_gt_image,,,,,,,,
418,rs_000112_1,ReShapeBench,multi_object,Change the pink drink in the glass into a green smoothie in the glass,False,mask_area_above_limit|needs_sam2_mask_refinement|no_gt_image,,,,,,,,
419,rs_000113_1,ReShapeBench,multi_object,Change the row of colorful bottles into a row of small potted succulents,False,needs_sam2_mask_refinement|no_gt_image|too_many_mask_components,,,,,,,,
420,rs_000113_2,ReShapeBench,multi_object,Change the row of colorful bottles into a row of neatly stacked vintage books,False,needs_sam2_mask_refinement|no_gt_image|too_many_mask_components,,,,,,,,
421,rs_000114_1,ReShapeBench,multi_object,Change the white ceramic spoon into a pair of wooden chopsticks,False,mask_area_above_limit|needs_sam2_mask_refinement|no_gt_image,,,,,,,,
422,rs_000115_1,ReShapeBench,multi_object,Change the woven pendant light into a modern metal sphere light,True,needs_sam2_mask_refinement|no_gt_image,,,,,,,,
423,rs_000115_2,ReShapeBench,multi_object,Change the woven pendant light into a large white paper lantern,True,needs_sam2_mask_refinement|no_gt_image,,,,,,,,
424,rs_000116_1,ReShapeBench,multi_object,Change the bunches of dried peppers and chilies into bunches of white garlic bulbs,False,mask_area_above_limit|needs_sam2_mask_refinement|no_gt_image,,,,,,,,
425,rs_000117_2,ReShapeBench,multi_object,Change the ornate birdcage into a grandfather clock,False,mask_area_above_limit|needs_sam2_mask_refinement|no_gt_image,,,,,,,,
426,rs_000118_1,ReShapeBench,multi_object,Change the worn soccer ball into a worn leather backpack,False,mask_area_above_limit|needs_sam2_mask_refinement|no_gt_image,,,,,,,,
427,rs_000119_1,ReShapeBench,multi_object,Change the plate with an orange into a plate with a slice of cake,False,mask_area_above_limit|needs_sam2_mask_refinement|no_gt_image,,,,,,,,
428,rs_000120_2,ReShapeBench,multi_object,Change the watermelon slices into cantaloupe slices,False,mask_area_above_limit|needs_sam2_mask_refinement|no_gt_image,,,,,,,,
429,rs_000121_1,ReShapeBench,multi_object,Change the wine glass into a small vase filled with pink roses,True,needs_sam2_mask_refinement|no_gt_image,,,,,,,,
430,rs_000121_2,ReShapeBench,multi_object,Change the wine glass into a decorative brass candlestick with an unlit white candle,True,needs_sam2_mask_refinement|no_gt_image,,,,,,,,
431,rs_000122_1,ReShapeBench,multi_object,Change the bowl of Turkish delights into a plate of assorted cookies,False,mask_area_above_limit|needs_sam2_mask_refinement|no_gt_image,,,,,,,,
432,rs_000123_2,ReShapeBench,multi_object,Change the yellow pitcher with paintbrushes into a yellow pitcher with sunflowers,False,mask_area_above_limit|needs_sam2_mask_refinement|no_gt_image,,,,,,,,
433,rs_000124_2,ReShapeBench,multi_object,Change the glass bowl filled with red berries into a woven basket filled with red berries,False,mask_area_above_limit|needs_sam2_mask_refinement|no_gt_image,,,,,,,,
434,rs_000125_1,ReShapeBench,multi_object,Change the black scooter into a bucket,True,needs_sam2_mask_refinement|no_gt_image,,,,,,,,
435,rs_000125_2,ReShapeBench,multi_object,Change the black scooter into a chair,True,needs_sam2_mask_refinement|no_gt_image,,,,,,,,
436,rs_000126_2,ReShapeBench,multi_object,Change the white paper bag with croissants into a white paper bag with a bunch of green grapes,False,mask_area_above_limit|needs_sam2_mask_refinement|no_gt_image,,,,,,,,
437,rs_000127_2,ReShapeBench,multi_object,Change the dog sitting beside the woman into a woven picnic basket,False,mask_area_above_limit|needs_sam2_mask_refinement|no_gt_image,,,,,,,,
438,rs_000128_1,ReShapeBench,multi_object,Change the vase with dried flowers into a stack of books,True,needs_sam2_mask_refinement|no_gt_image,,,,,,,,
439,rs_000128_2,ReShapeBench,multi_object,Change the vase with dried flowers into a ceramic fruit bowl filled with oranges,True,needs_sam2_mask_refinement|no_gt_image,,,,,,,,
440,rs_000129_2,ReShapeBench,multi_object,Change the glass of orange liquid into a ceramic teapot,False,mask_area_above_limit|needs_sam2_mask_refinement|no_gt_image,,,,,,,,
441,rs_000130_1,ReShapeBench,multi_object,Change the plate of toast with orange preserves into a plate of toast with berry jam,False,mask_area_above_limit|needs_sam2_mask_refinement|no_gt_image,,,,,,,,
442,rs_000131_1,ReShapeBench,multi_object,Change the wooden nightstand with a stack of books into a wooden nightstand with a small potted plant,True,needs_sam2_mask_refinement|no_gt_image,,,,,,,,
443,rs_000131_2,ReShapeBench,multi_object,Change the wooden nightstand with a stack of books into a wooden nightstand with an antique brass clock,True,needs_sam2_mask_refinement|no_gt_image,,,,,,,,
444,rs_000132_1,ReShapeBench,multi_object,Change the toasted bread slices into carrot sticks,True,needs_sam2_mask_refinement|no_gt_image,,,,,,,,
445,rs_000132_2,ReShapeBench,multi_object,Change the toasted bread slices into crispy pita chips,True,needs_sam2_mask_refinement|no_gt_image,,,,,,,,
446,rs_000133_1,ReShapeBench,multi_object,Change the glass of iced soda with a striped straw into a small plate of pastries,False,mask_area_above_limit|needs_sam2_mask_refinement|no_gt_image,,,,,,,,
447,rs_000134_1,ReShapeBench,multi_object,Change the lifeguard tower into a lighthouse,False,needs_sam2_mask_refinement|no_gt_image|too_many_mask_components,,,,,,,,
448,rs_000134_2,ReShapeBench,multi_object,Change the lifeguard tower into a beachside snack kiosk,False,needs_sam2_mask_refinement|no_gt_image|too_many_mask_components,,,,,,,,
449,rs_000135_2,ReShapeBench,multi_object,Change the blueberry-topped round pastry into a rectangular slice of layered strawberry shortcake,False,mask_area_above_limit|needs_sam2_mask_refinement|no_gt_image,,,,,,,,
450,rs_000136_1,ReShapeBench,multi_object,Change the ceramic pitcher into a clear glass tumbler,False,mask_area_above_limit|needs_sam2_mask_refinement|no_gt_image,,,,,,,,
451,rs_000137_1,ReShapeBench,multi_object,Change the bouquet of pink flowers into a vintage brown leather suitcase,False,mask_area_above_limit|needs_sam2_mask_refinement|no_gt_image,,,,,,,,
452,rs_000138_1,ReShapeBench,multi_object,Change the bottle of Sassi water into a vintage ceramic teapot with intricate patterns,True,needs_sam2_mask_refinement|no_gt_image,,,,,,,,
453,rs_000138_2,ReShapeBench,multi_object,"Change the bottle of Sassi water into a tall, slender crystal candlestick",True,needs_sam2_mask_refinement|no_gt_image,,,,,,,,
454,rs_000139_2,ReShapeBench,multi_object,Change the pink-and-white box with a decorative tag into a vase with a single pink tulip,False,mask_area_above_limit|needs_sam2_mask_refinement|no_gt_image,,,,,,,,
455,rs_000140_1,ReShapeBench,multi_object,Change the left table with striped tablecloth into a left table with round marble tabletop and no tablecloth,False,needs_sam2_mask_refinement|no_gt_image|too_many_mask_components,,,,,,,,
456,rs_000140_2,ReShapeBench,multi_object,Change the left table with striped tablecloth into a left table replaced by a large woven basket,False,needs_sam2_mask_refinement|no_gt_image|too_many_mask_components,,,,,,,,
457,rs_000141_1,ReShapeBench,multi_object,Change the wooden crate of oranges into a wooden crate of books,False,needs_sam2_mask_refinement|no_gt_image|too_many_mask_components,,,,,,,,
458,rs_000141_2,ReShapeBench,multi_object,Change the wooden crate of oranges into a wooden crate of potted flowers,False,needs_sam2_mask_refinement|no_gt_image|too_many_mask_components,,,,,,,,
459,rs_000142_1,ReShapeBench,multi_object,Change the large striped hot air balloon with 'www.royal' text into a giant floating beach ball with 'www.royal' text,False,mask_area_above_limit|needs_sam2_mask_refinement|no_gt_image,,,,,,,,
460,rs_000143_2,ReShapeBench,multi_object,Change the yellow phone with a map design into a stack of colorful macarons,False,mask_area_above_limit|needs_sam2_mask_refinement|no_gt_image,,,,,,,,
461,rs_000144_2,ReShapeBench,multi_object,Change the golden spoon into a pair of wooden chopsticks,False,mask_area_above_limit|needs_sam2_mask_refinement|no_gt_image,,,,,,,,
462,rs_000145_1,ReShapeBench,multi_object,Change the empty blue coffee grinder into a blue coffee grinder with a jar of cookies in the hopper,False,needs_sam2_mask_refinement|no_gt_image|too_many_mask_components,,,,,,,,
463,rs_000145_2,ReShapeBench,multi_object,Change the empty blue coffee grinder into a blue coffee grinder with red apples in the hopper,False,needs_sam2_mask_refinement|no_gt_image|too_many_mask_components,,,,,,,,
464,rs_000146_1,ReShapeBench,multi_object,Change the glass of red wine into a ceramic teacup,True,needs_sam2_mask_refinement|no_gt_image,,,,,,,,
465,rs_000146_2,ReShapeBench,multi_object,Change the glass of red wine into a tall glass bottle of lemonade,True,needs_sam2_mask_refinement|no_gt_image,,,,,,,,
466,rs_000147_2,ReShapeBench,multi_object,Change the blueberry-topped tart into a slice of lemon cheesecake,False,mask_area_above_limit|needs_sam2_mask_refinement|no_gt_image,,,,,,,,
467,rs_000148_1,ReShapeBench,multi_object,Change the small round wooden table into a small round wicker ottoman,False,mask_area_above_limit|needs_sam2_mask_refinement|no_gt_image,,,,,,,,
468,rs_000149_1,ReShapeBench,multi_object,Change the set of colorful pencils into a wooden mannequin figure,False,mask_area_above_limit|needs_sam2_mask_refinement|no_gt_image,,,,,,,,
469,rs_000150_2,ReShapeBench,multi_object,Change the glass pitcher into a rustic wooden ladle,False,mask_area_above_limit|needs_sam2_mask_refinement|no_gt_image,,,,,,,,
470,rs_000001_1,ReShapeBench,single_object,Change the car into a bicycle,True,needs_sam2_mask_refinement|no_gt_image,,,,,,,,
471,rs_000002_1,ReShapeBench,single_object,Change the squirrel into a hummingbird,True,needs_sam2_mask_refinement|no_gt_image,,,,,,,,
472,rs_000003_1,ReShapeBench,single_object,Change the sneaker into a cat,True,needs_sam2_mask_refinement|no_gt_image,,,,,,,,
473,rs_000005_1,ReShapeBench,single_object,Change the snowdrops into a pocket watch,True,needs_sam2_mask_refinement|no_gt_image,,,,,,,,
474,rs_000006_2,ReShapeBench,single_object,Change the sedan into a bench,True,needs_sam2_mask_refinement|no_gt_image,,,,,,,,
475,rs_000008_1,ReShapeBench,single_object,Change the boat into a swan,True,needs_sam2_mask_refinement|no_gt_image,,,,,,,,
476,rs_000011_2,ReShapeBench,single_object,Change the bench into a statue of a deer,True,needs_sam2_mask_refinement|no_gt_image,,,,,,,,
477,rs_000012_1,ReShapeBench,single_object,Change the cowboy on horse into a bicycle,True,needs_sam2_mask_refinement|no_gt_image,,,,,,,,
478,rs_000013_2,ReShapeBench,single_object,Change the rowboat into a frog,True,needs_sam2_mask_refinement|no_gt_image,,,,,,,,
479,rs_000015_2,ReShapeBench,single_object,Change the wooden door into a potted olive tree,True,needs_sam2_mask_refinement|no_gt_image,,,,,,,,
480,rs_000017_1,ReShapeBench,single_object,Change the dog into a squirrel,True,needs_sam2_mask_refinement|no_gt_image,,,,,,,,
481,rs_000018_2,ReShapeBench,single_object,Change the surfer into a kayak,True,needs_sam2_mask_refinement|no_gt_image,,,,,,,,
482,rs_000022_2,ReShapeBench,single_object,Change the cat into a tortoise,True,needs_sam2_mask_refinement|no_gt_image,,,,,,,,
483,rs_000025_2,ReShapeBench,single_object,Change the classic car into a tandem bicycle,True,needs_sam2_mask_refinement|no_gt_image,,,,,,,,
484,rs_000026_2,ReShapeBench,single_object,Change the Eiffel Tower into a lighthouse,True,needs_sam2_mask_refinement|no_gt_image,,,,,,,,
485,rs_000028_2,ReShapeBench,single_object,Change the loaf of bread into a wheel of cheese,True,needs_sam2_mask_refinement|no_gt_image,,,,,,,,
486,rs_000030_2,ReShapeBench,single_object,Change the woodpecker into a chameleon,True,needs_sam2_mask_refinement|no_gt_image,,,,,,,,
487,rs_000035_1,ReShapeBench,single_object,Change the mulberries into a river stone,True,needs_sam2_mask_refinement|no_gt_image,,,,,,,,
488,rs_000036_2,ReShapeBench,single_object,Change the person into a vase,True,needs_sam2_mask_refinement|no_gt_image,,,,,,,,
489,rs_000037_1,ReShapeBench,single_object,Change the cat into a sea turtle,True,needs_sam2_mask_refinement|no_gt_image,,,,,,,,
490,rs_000044_2,ReShapeBench,single_object,Change the bird into a squirrel,True,needs_sam2_mask_refinement|no_gt_image,,,,,,,,
491,rs_000046_1,ReShapeBench,single_object,Change the poodle into a bicycle,True,needs_sam2_mask_refinement|no_gt_image,,,,,,,,
492,rs_000047_1,ReShapeBench,single_object,Change the betta fish into a butterfly,True,needs_sam2_mask_refinement|no_gt_image,,,,,,,,
493,rs_000053_1,ReShapeBench,single_object,Change the person into a bicycle,True,needs_sam2_mask_refinement|no_gt_image,,,,,,,,
494,rs_000055_1,ReShapeBench,single_object,Change the bench into a wheelbarrow,True,needs_sam2_mask_refinement|no_gt_image,,,,,,,,
495,rs_000060_1,ReShapeBench,single_object,Change the dog into a bicycle,True,needs_sam2_mask_refinement|no_gt_image,,,,,,,,
496,rs_000061_1,ReShapeBench,single_object,Change the bicycle into a bench,True,needs_sam2_mask_refinement|no_gt_image,,,,,,,,
497,rs_000062_2,ReShapeBench,single_object,Change the person with parasol into a marble statue with parasol,True,needs_sam2_mask_refinement|no_gt_image,,,,,,,,
498,rs_000069_1,ReShapeBench,single_object,Change the vintage car into a horse,True,needs_sam2_mask_refinement|no_gt_image,,,,,,,,
499,rs_000070_2,ReShapeBench,single_object,Change the duck into a rowboat,True,needs_sam2_mask_refinement|no_gt_image,,,,,,,,
