candidate_id,source_dataset,sheet,position,row,column
cb_train-00000-of-00007_0027,CompBench,compbench_01.jpg,0,0,0
cb_train-00000-of-00007_0028,CompBench,compbench_01.jpg,1,0,1
cb_train-00000-of-00007_0039,CompBench,compbench_01.jpg,2,0,2
cb_train-00000-of-00007_0106,CompBench,compbench_01.jpg,3,0,3
cb_train-00000-of-00007_0129,CompBench,compbench_01.jpg,4,0,4
cb_train-00000-of-00007_0130,CompBench,compbench_01.jpg,5,1,0
cb_train-00000-of-00007_0131,CompBench,compbench_01.jpg,6,1,1
cb_train-00000-of-00007_0132,CompBench,compbench_01.jpg,7,1,2
cb_train-00000-of-00007_0145,CompBench,compbench_01.jpg,8,1,3
cb_train-00000-of-00007_0151,CompBench,compbench_01.jpg,9,1,4
cb_train-00000-of-00007_0177,CompBench,compbench_01.jpg,10,2,0
cb_train-00000-of-00007_0208,CompBench,compbench_01.jpg,11,2,1
cb_train-00000-of-00007_0214,CompBench,compbench_01.jpg,12,2,2
cb_train-00000-of-00007_0216,CompBench,compbench_01.jpg,13,2,3
cb_train-00000-of-00007_0219,CompBench,compbench_01.jpg,14,2,4
cb_train-00000-of-00007_0220,CompBench,compbench_01.jpg,15,3,0
cb_train-00000-of-00007_0221,CompBench,compbench_01.jpg,16,3,1
cb_train-00000-of-00007_0223,CompBench,compbench_01.jpg,17,3,2
cb_train-00000-of-00007_0235,CompBench,compbench_01.jpg,18,3,3
cb_train-00000-of-00007_0242,CompBench,compbench_01.jpg,19,3,4
cb_train-00000-of-00007_0245,CompBench,compbench_01.jpg,20,4,0
cb_train-00000-of-00007_0257,CompBench,compbench_01.jpg,21,4,1
cb_train-00000-of-00007_0283,CompBench,compbench_01.jpg,22,4,2
cb_train-00000-of-00007_0284,CompBench,compbench_01.jpg,23,4,3
cb_train-00000-of-00007_0285,CompBench,compbench_01.jpg,24,4,4
cb_train-00000-of-00007_0309,CompBench,compbench_02.jpg,0,0,0
cb_train-00000-of-00007_0335,CompBench,compbench_02.jpg,1,0,1
cb_train-00000-of-00007_0383,CompBench,compbench_02.jpg,2,0,2
cb_train-00000-of-00007_0390,CompBench,compbench_02.jpg,3,0,3
cb_train-00001-of-00007_0066,CompBench,compbench_02.jpg,4,0,4
cb_train-00001-of-00007_0094,CompBench,compbench_02.jpg,5,1,0
cb_train-00001-of-00007_0095,CompBench,compbench_02.jpg,6,1,1
cb_train-00001-of-00007_0115,CompBench,compbench_02.jpg,7,1,2
cb_train-00001-of-00007_0120,CompBench,compbench_02.jpg,8,1,3
cb_train-00001-of-00007_0174,CompBench,compbench_02.jpg,9,1,4
cb_train-00001-of-00007_0201,CompBench,compbench_02.jpg,10,2,0
cb_train-00001-of-00007_0250,CompBench,compbench_02.jpg,11,2,1
cb_train-00001-of-00007_0262,CompBench,compbench_02.jpg,12,2,2
cb_train-00001-of-00007_0295,CompBench,compbench_02.jpg,13,2,3
cb_train-00001-of-00007_0351,CompBench,compbench_02.jpg,14,2,4
cb_train-00001-of-00007_0354,CompBench,compbench_02.jpg,15,3,0
cb_train-00001-of-00007_0396,CompBench,compbench_02.jpg,16,3,1
cb_train-00001-of-00007_0402,CompBench,compbench_02.jpg,17,3,2
cb_train-00001-of-00007_0412,CompBench,compbench_02.jpg,18,3,3
cb_train-00002-of-00007_0069,CompBench,compbench_02.jpg,19,3,4
cb_train-00002-of-00007_0079,CompBench,compbench_02.jpg,20,4,0
cb_train-00002-of-00007_0086,CompBench,compbench_02.jpg,21,4,1
cb_train-00002-of-00007_0089,CompBench,compbench_02.jpg,22,4,2
cb_train-00002-of-00007_0117,CompBench,compbench_02.jpg,23,4,3
cb_train-00002-of-00007_0141,CompBench,compbench_02.jpg,24,4,4
cb_train-00006-of-00007_0274,CompBench,compbench_03.jpg,0,0,0
cb_train-00006-of-00007_0275,CompBench,compbench_03.jpg,1,0,1
cb_train-00006-of-00007_0278,CompBench,compbench_03.jpg,2,0,2
cb_train-00006-of-00007_0282,CompBench,compbench_03.jpg,3,0,3
cb_train-00006-of-00007_0284,CompBench,compbench_03.jpg,4,0,4
cb_train-00006-of-00007_0285,CompBench,compbench_03.jpg,5,1,0
cb_train-00006-of-00007_0286,CompBench,compbench_03.jpg,6,1,1
cb_train-00006-of-00007_0288,CompBench,compbench_03.jpg,7,1,2
cb_train-00006-of-00007_0289,CompBench,compbench_03.jpg,8,1,3
cb_train-00006-of-00007_0292,CompBench,compbench_03.jpg,9,1,4
cb_train-00006-of-00007_0293,CompBench,compbench_03.jpg,10,2,0
cb_train-00006-of-00007_0294,CompBench,compbench_03.jpg,11,2,1
cb_train-00006-of-00007_0296,CompBench,compbench_03.jpg,12,2,2
cb_train-00006-of-00007_0297,CompBench,compbench_03.jpg,13,2,3
cb_train-00006-of-00007_0298,CompBench,compbench_03.jpg,14,2,4
cb_train-00006-of-00007_0299,CompBench,compbench_03.jpg,15,3,0
cb_train-00006-of-00007_0300,CompBench,compbench_03.jpg,16,3,1
cb_train-00006-of-00007_0301,CompBench,compbench_03.jpg,17,3,2
cb_train-00006-of-00007_0305,CompBench,compbench_03.jpg,18,3,3
cb_train-00006-of-00007_0310,CompBench,compbench_03.jpg,19,3,4
cb_train-00006-of-00007_0311,CompBench,compbench_03.jpg,20,4,0
cb_train-00006-of-00007_0316,CompBench,compbench_03.jpg,21,4,1
cb_train-00006-of-00007_0317,CompBench,compbench_03.jpg,22,4,2
cb_train-00006-of-00007_0325,CompBench,compbench_03.jpg,23,4,3
cb_train-00006-of-00007_0326,CompBench,compbench_03.jpg,24,4,4
cb_train-00006-of-00007_0332,CompBench,compbench_04.jpg,0,0,0
cb_train-00006-of-00007_0333,CompBench,compbench_04.jpg,1,0,1
cb_train-00006-of-00007_0335,CompBench,compbench_04.jpg,2,0,2
cb_train-00006-of-00007_0337,CompBench,compbench_04.jpg,3,0,3
cb_train-00006-of-00007_0342,CompBench,compbench_04.jpg,4,0,4
cb_train-00006-of-00007_0344,CompBench,compbench_04.jpg,5,1,0
cb_train-00006-of-00007_0347,CompBench,compbench_04.jpg,6,1,1
cb_train-00006-of-00007_0348,CompBench,compbench_04.jpg,7,1,2
cb_train-00006-of-00007_0350,CompBench,compbench_04.jpg,8,1,3
cb_train-00006-of-00007_0352,CompBench,compbench_04.jpg,9,1,4
cb_train-00006-of-00007_0353,CompBench,compbench_04.jpg,10,2,0
cb_train-00006-of-00007_0355,CompBench,compbench_04.jpg,11,2,1
cb_train-00006-of-00007_0358,CompBench,compbench_04.jpg,12,2,2
cb_train-00006-of-00007_0361,CompBench,compbench_04.jpg,13,2,3
cb_train-00006-of-00007_0362,CompBench,compbench_04.jpg,14,2,4
cb_train-00006-of-00007_0364,CompBench,compbench_04.jpg,15,3,0
cb_train-00006-of-00007_0366,CompBench,compbench_04.jpg,16,3,1
cb_train-00006-of-00007_0369,CompBench,compbench_04.jpg,17,3,2
cb_train-00006-of-00007_0370,CompBench,compbench_04.jpg,18,3,3
cb_train-00006-of-00007_0371,CompBench,compbench_04.jpg,19,3,4
cb_train-00006-of-00007_0372,CompBench,compbench_04.jpg,20,4,0
cb_train-00006-of-00007_0373,CompBench,compbench_04.jpg,21,4,1
cb_train-00006-of-00007_0377,CompBench,compbench_04.jpg,22,4,2
cb_train-00006-of-00007_0378,CompBench,compbench_04.jpg,23,4,3
cb_train-00006-of-00007_0380,CompBench,compbench_04.jpg,24,4,4
cb_train-00006-of-00007_0382,CompBench,compbench_05.jpg,0,0,0
cb_train-00006-of-00007_0383,CompBench,compbench_05.jpg,1,0,1
cb_train-00006-of-00007_0384,CompBench,compbench_05.jpg,2,0,2
cb_train-00006-of-00007_0385,CompBench,compbench_05.jpg,3,0,3
cb_train-00006-of-00007_0388,CompBench,compbench_05.jpg,4,0,4
cb_train-00006-of-00007_0389,CompBench,compbench_05.jpg,5,1,0
cb_train-00006-of-00007_0396,CompBench,compbench_05.jpg,6,1,1
cb_train-00006-of-00007_0401,CompBench,compbench_05.jpg,7,1,2
cb_train-00006-of-00007_0403,CompBench,compbench_05.jpg,8,1,3
cb_train-00006-of-00007_0409,CompBench,compbench_05.jpg,9,1,4
cb_train-00002-of-00007_0183,CompBench,compbench_05.jpg,10,2,0
cb_train-00002-of-00007_0268,CompBench,compbench_05.jpg,11,2,1
cb_train-00002-of-00007_0322,CompBench,compbench_05.jpg,12,2,2
cb_train-00002-of-00007_0323,CompBench,compbench_05.jpg,13,2,3
cb_train-00002-of-00007_0324,CompBench,compbench_05.jpg,14,2,4
cb_train-00002-of-00007_0325,CompBench,compbench_05.jpg,15,3,0
cb_train-00002-of-00007_0339,CompBench,compbench_05.jpg,16,3,1
cb_train-00002-of-00007_0367,CompBench,compbench_05.jpg,17,3,2
cb_train-00002-of-00007_0377,CompBench,compbench_05.jpg,18,3,3
cb_train-00002-of-00007_0385,CompBench,compbench_05.jpg,19,3,4
cb_train-00002-of-00007_0405,CompBench,compbench_05.jpg,20,4,0
cb_train-00003-of-00007_0025,CompBench,compbench_05.jpg,21,4,1
cb_train-00003-of-00007_0026,CompBench,compbench_05.jpg,22,4,2
cb_train-00003-of-00007_0027,CompBench,compbench_05.jpg,23,4,3
cb_train-00003-of-00007_0041,CompBench,compbench_05.jpg,24,4,4
cb_train-00003-of-00007_0046,CompBench,compbench_06.jpg,0,0,0
cb_train-00003-of-00007_0061,CompBench,compbench_06.jpg,1,0,1
cb_train-00003-of-00007_0080,CompBench,compbench_06.jpg,2,0,2
cb_train-00003-of-00007_0086,CompBench,compbench_06.jpg,3,0,3
cb_train-00003-of-00007_0087,CompBench,compbench_06.jpg,4,0,4
cb_train-00003-of-00007_0123,CompBench,compbench_06.jpg,5,1,0
cb_train-00003-of-00007_0138,CompBench,compbench_06.jpg,6,1,1
cb_train-00003-of-00007_0139,CompBench,compbench_06.jpg,7,1,2
cb_train-00003-of-00007_0142,CompBench,compbench_06.jpg,8,1,3
cb_train-00003-of-00007_0147,CompBench,compbench_06.jpg,9,1,4
cb_train-00003-of-00007_0148,CompBench,compbench_06.jpg,10,2,0
cb_train-00003-of-00007_0149,CompBench,compbench_06.jpg,11,2,1
cb_train-00003-of-00007_0150,CompBench,compbench_06.jpg,12,2,2
cb_train-00003-of-00007_0168,CompBench,compbench_06.jpg,13,2,3
cb_train-00003-of-00007_0174,CompBench,compbench_06.jpg,14,2,4
cb_train-00003-of-00007_0179,CompBench,compbench_06.jpg,15,3,0
cb_train-00003-of-00007_0183,CompBench,compbench_06.jpg,16,3,1
cb_train-00003-of-00007_0191,CompBench,compbench_06.jpg,17,3,2
cb_train-00003-of-00007_0196,CompBench,compbench_06.jpg,18,3,3
cb_train-00003-of-00007_0201,CompBench,compbench_06.jpg,19,3,4
cb_train-00003-of-00007_0207,CompBench,compbench_06.jpg,20,4,0
cb_train-00003-of-00007_0229,CompBench,compbench_06.jpg,21,4,1
cb_train-00003-of-00007_0230,CompBench,compbench_06.jpg,22,4,2
cb_train-00003-of-00007_0232,CompBench,compbench_06.jpg,23,4,3
cb_train-00004-of-00007_0121,CompBench,compbench_06.jpg,24,4,4
cb_train-00004-of-00007_0139,CompBench,compbench_07.jpg,0,0,0
cb_train-00004-of-00007_0158,CompBench,compbench_07.jpg,1,0,1
cb_train-00004-of-00007_0212,CompBench,compbench_07.jpg,2,0,2
cb_train-00004-of-00007_0218,CompBench,compbench_07.jpg,3,0,3
cb_train-00004-of-00007_0264,CompBench,compbench_07.jpg,4,0,4
cb_train-00004-of-00007_0299,CompBench,compbench_07.jpg,5,1,0
cb_train-00004-of-00007_0304,CompBench,compbench_07.jpg,6,1,1
cb_train-00004-of-00007_0346,CompBench,compbench_07.jpg,7,1,2
cb_train-00004-of-00007_0349,CompBench,compbench_07.jpg,8,1,3
cb_train-00004-of-00007_0359,CompBench,compbench_07.jpg,9,1,4
cb_train-00004-of-00007_0393,CompBench,compbench_07.jpg,10,2,0
cb_train-00005-of-00007_0007,CompBench,compbench_07.jpg,11,2,1
cb_train-00005-of-00007_0008,CompBench,compbench_07.jpg,12,2,2
cb_train-00005-of-00007_0009,CompBench,compbench_07.jpg,13,2,3
cb_train-00005-of-00007_0086,CompBench,compbench_07.jpg,14,2,4
cb_train-00005-of-00007_0154,CompBench,compbench_07.jpg,15,3,0
cb_train-00005-of-00007_0180,CompBench,compbench_07.jpg,16,3,1
cb_train-00005-of-00007_0189,CompBench,compbench_07.jpg,17,3,2
cb_train-00005-of-00007_0193,CompBench,compbench_07.jpg,18,3,3
cb_train-00005-of-00007_0198,CompBench,compbench_07.jpg,19,3,4
cb_train-00005-of-00007_0238,CompBench,compbench_07.jpg,20,4,0
cb_train-00005-of-00007_0247,CompBench,compbench_07.jpg,21,4,1
cb_train-00005-of-00007_0248,CompBench,compbench_07.jpg,22,4,2
cb_train-00005-of-00007_0249,CompBench,compbench_07.jpg,23,4,3
cb_train-00005-of-00007_0250,CompBench,compbench_07.jpg,24,4,4
cb_train-00005-of-00007_0273,CompBench,compbench_08.jpg,0,0,0
cb_train-00005-of-00007_0285,CompBench,compbench_08.jpg,1,0,1
cb_train-00005-of-00007_0290,CompBench,compbench_08.jpg,2,0,2
cb_train-00005-of-00007_0291,CompBench,compbench_08.jpg,3,0,3
cb_train-00005-of-00007_0295,CompBench,compbench_08.jpg,4,0,4
cb_train-00005-of-00007_0297,CompBench,compbench_08.jpg,5,1,0
cb_train-00005-of-00007_0298,CompBench,compbench_08.jpg,6,1,1
cb_train-00005-of-00007_0303,CompBench,compbench_08.jpg,7,1,2
cb_train-00005-of-00007_0304,CompBench,compbench_08.jpg,8,1,3
cb_train-00005-of-00007_0306,CompBench,compbench_08.jpg,9,1,4
cb_train-00005-of-00007_0307,CompBench,compbench_08.jpg,10,2,0
cb_train-00005-of-00007_0310,CompBench,compbench_08.jpg,11,2,1
cb_train-00005-of-00007_0311,CompBench,compbench_08.jpg,12,2,2
cb_train-00005-of-00007_0314,CompBench,compbench_08.jpg,13,2,3
cb_train-00005-of-00007_0315,CompBench,compbench_08.jpg,14,2,4
cb_train-00005-of-00007_0316,CompBench,compbench_08.jpg,15,3,0
cb_train-00005-of-00007_0317,CompBench,compbench_08.jpg,16,3,1
cb_train-00005-of-00007_0323,CompBench,compbench_08.jpg,17,3,2
cb_train-00005-of-00007_0325,CompBench,compbench_08.jpg,18,3,3
cb_train-00005-of-00007_0326,CompBench,compbench_08.jpg,19,3,4
cb_train-00005-of-00007_0328,CompBench,compbench_08.jpg,20,4,0
cb_train-00005-of-00007_0332,CompBench,compbench_08.jpg,21,4,1
cb_train-00005-of-00007_0334,CompBench,compbench_08.jpg,22,4,2
cb_train-00005-of-00007_0335,CompBench,compbench_08.jpg,23,4,3
cb_train-00005-of-00007_0336,CompBench,compbench_08.jpg,24,4,4
cb_train-00005-of-00007_0337,CompBench,compbench_09.jpg,0,0,0
cb_train-00005-of-00007_0338,CompBench,compbench_09.jpg,1,0,1
cb_train-00005-of-00007_0339,CompBench,compbench_09.jpg,2,0,2
cb_train-00005-of-00007_0340,CompBench,compbench_09.jpg,3,0,3
cb_train-00005-of-00007_0344,CompBench,compbench_09.jpg,4,0,4
cb_train-00005-of-00007_0345,CompBench,compbench_09.jpg,5,1,0
cb_train-00005-of-00007_0353,CompBench,compbench_09.jpg,6,1,1
cb_train-00005-of-00007_0355,CompBench,compbench_09.jpg,7,1,2
cb_train-00005-of-00007_0356,CompBench,compbench_09.jpg,8,1,3
cb_train-00005-of-00007_0357,CompBench,compbench_09.jpg,9,1,4
cb_train-00005-of-00007_0360,CompBench,compbench_09.jpg,10,2,0
cb_train-00005-of-00007_0361,CompBench,compbench_09.jpg,11,2,1
cb_train-00005-of-00007_0362,CompBench,compbench_09.jpg,12,2,2
cb_train-00005-of-00007_0367,CompBench,compbench_09.jpg,13,2,3
cb_train-00005-of-00007_0368,CompBench,compbench_09.jpg,14,2,4
cb_train-00005-of-00007_0369,CompBench,compbench_09.jpg,15,3,0
cb_train-00005-of-00007_0382,CompBench,compbench_09.jpg,16,3,1
cb_train-00005-of-00007_0383,CompBench,compbench_09.jpg,17,3,2
cb_train-00005-of-00007_0384,CompBench,compbench_09.jpg,18,3,3
cb_train-00005-of-00007_0386,CompBench,compbench_09.jpg,19,3,4
he_0-frDDoQqUw,HumanEdit,humanedit_01.jpg,0,0,0
he_000000000307,HumanEdit,humanedit_01.jpg,1,0,1
he_000000093106,HumanEdit,humanedit_01.jpg,2,0,2
he_0CgpDVNOKgs,HumanEdit,humanedit_01.jpg,3,0,3
he_0E_vhMVqL9g,HumanEdit,humanedit_01.jpg,4,0,4
he_0G9rZGQqGig,HumanEdit,humanedit_01.jpg,5,1,0
he_0eKR4M2uuL8,HumanEdit,humanedit_01.jpg,6,1,1
he_0fOAmzgZ5cA,HumanEdit,humanedit_01.jpg,7,1,2
he_0jRQ-_fM0gM,HumanEdit,humanedit_01.jpg,8,1,3
he_0qEmA2h57Pk,HumanEdit,humanedit_01.jpg,9,1,4
he_0qqWALcBFnY(1),HumanEdit,humanedit_01.jpg,10,2,0
he_1kdIG_258bU,HumanEdit,humanedit_01.jpg,11,2,1
he_2OX0bKvL1-I,HumanEdit,humanedit_01.jpg,12,2,2
he_2mSzfaseWvg,HumanEdit,humanedit_01.jpg,13,2,3
he_3c1Jv1EXYtc,HumanEdit,humanedit_01.jpg,14,2,4
he_4Cjn0FDEud8,HumanEdit,humanedit_01.jpg,15,3,0
he_4cNByrzzNik,HumanEdit,humanedit_01.jpg,16,3,1
he_5Hwt59WvpqM,HumanEdit,humanedit_01.jpg,17,3,2
he_5Ufu-tY-Txk,HumanEdit,humanedit_01.jpg,18,3,3
he_8VPSh4Wj61Q,HumanEdit,humanedit_01.jpg,19,3,4
he_8n-3h1WkaQk,HumanEdit,humanedit_01.jpg,20,4,0
he_8v2Dz6vfN80,HumanEdit,humanedit_01.jpg,21,4,1
he_973wAyYLeL0,HumanEdit,humanedit_01.jpg,22,4,2
he_A_HTot3y5XA,HumanEdit,humanedit_01.jpg,23,4,3
he_CQwFUfliJyU,HumanEdit,humanedit_01.jpg,24,4,4
he_CnSIcPtMG7U,HumanEdit,humanedit_02.jpg,0,0,0
he_KJE--xk4AWE,HumanEdit,humanedit_02.jpg,1,0,1
he_NfWZ6RB7KAY,HumanEdit,humanedit_02.jpg,2,0,2
he_OuYESbJjiW0,HumanEdit,humanedit_02.jpg,3,0,3
he_Vw07IRhemag(1),HumanEdit,humanedit_02.jpg,4,0,4
he__-HoZoogPgI,HumanEdit,humanedit_02.jpg,5,1,0
he__3LvzSuueSM,HumanEdit,humanedit_02.jpg,6,1,1
he__Jsde7RXd3o,HumanEdit,humanedit_02.jpg,7,1,2
he__oHRmhtvpWc,HumanEdit,humanedit_02.jpg,8,1,3
he__vln5e2nOK0,HumanEdit,humanedit_02.jpg,9,1,4
he_axoIDVk0ThE,HumanEdit,humanedit_02.jpg,10,2,0
he_bgoE05DFF9U,HumanEdit,humanedit_02.jpg,11,2,1
he_nDExp37E9bs,HumanEdit,humanedit_02.jpg,12,2,2
he_oUoRl1xBRaM,HumanEdit,humanedit_02.jpg,13,2,3
he_oV4bR3YoR_s,HumanEdit,humanedit_02.jpg,14,2,4
he_ovlpqD8fb4M(1),HumanEdit,humanedit_02.jpg,15,3,0
he_ow87HfF-uG8,HumanEdit,humanedit_02.jpg,16,3,1
he_000000089503,HumanEdit,humanedit_02.jpg,17,3,2
he_5-jtsfuaLBw,HumanEdit,humanedit_02.jpg,18,3,3
he_5jUzLCyOBTk,HumanEdit,humanedit_02.jpg,19,3,4
he_875kF6aOmTQ,HumanEdit,humanedit_02.jpg,20,4,0
he_AvczuPZK6C0,HumanEdit,humanedit_02.jpg,21,4,1
he_CiNHG2xuVlQ,HumanEdit,humanedit_02.jpg,22,4,2
he_DWGBY2Wuqeo,HumanEdit,humanedit_02.jpg,23,4,3
he_GQD3Av_9A88,HumanEdit,humanedit_02.jpg,24,4,4
he_KfUshu6kbS4,HumanEdit,humanedit_03.jpg,0,0,0
he_MvxMvPO3S1M,HumanEdit,humanedit_03.jpg,1,0,1
he_a0HEdfec_C0,HumanEdit,humanedit_03.jpg,2,0,2
he_cNTHQtQq4YU,HumanEdit,humanedit_03.jpg,3,0,3
he_fdmPdHatM5E,HumanEdit,humanedit_03.jpg,4,0,4
he_gYqrSOyJu9I,HumanEdit,humanedit_03.jpg,5,1,0
he_k4SiuG9YzdE,HumanEdit,humanedit_03.jpg,6,1,1
he_kcJr7qBdhKY,HumanEdit,humanedit_03.jpg,7,1,2
he_p6Cavyt_-WA,HumanEdit,humanedit_03.jpg,8,1,3
he_ubA4MSQh9Po,HumanEdit,humanedit_03.jpg,9,1,4
he_04iFOldrYig,HumanEdit,humanedit_03.jpg,10,2,0
he_0gQ8Fh1f54k,HumanEdit,humanedit_03.jpg,11,2,1
he_0wtaJS_nxBQ,HumanEdit,humanedit_03.jpg,12,2,2
he_10ca-K3e6Ko,HumanEdit,humanedit_03.jpg,13,2,3
he_11tmJit0vQk,HumanEdit,humanedit_03.jpg,14,2,4
he_1Lw1ZSRPm7o,HumanEdit,humanedit_03.jpg,15,3,0
he_1RTvJnAiFtI,HumanEdit,humanedit_03.jpg,16,3,1
he_1SQsg_2eGdo,HumanEdit,humanedit_03.jpg,17,3,2
he_2OalKAckLvU,HumanEdit,humanedit_03.jpg,18,3,3
he_2Pm3LPrKvE4,HumanEdit,humanedit_03.jpg,19,3,4
he_3IUTxfKJl34,HumanEdit,humanedit_03.jpg,20,4,0
he_3N4Z-OM1u78,HumanEdit,humanedit_03.jpg,21,4,1
he_3O25t7H2xmE,HumanEdit,humanedit_03.jpg,22,4,2
he_3XUijzqLOV8,HumanEdit,humanedit_03.jpg,23,4,3
he_3gvrzToFyXI,HumanEdit,humanedit_03.jpg,24,4,4
he_3suAHB4_Smo,HumanEdit,humanedit_04.jpg,0,0,0
he_4A1pj4_vClA,HumanEdit,humanedit_04.jpg,1,0,1
he_4BuNQT3IS_Y,HumanEdit,humanedit_04.jpg,2,0,2
he_4J_1bwE8-BY,HumanEdit,humanedit_04.jpg,3,0,3
he_4LnCTXNJit4,HumanEdit,humanedit_04.jpg,4,0,4
he_4O3-PT_1eMY,HumanEdit,humanedit_04.jpg,5,1,0
he_4mu1thNgK24,HumanEdit,humanedit_04.jpg,6,1,1
he_51adhgg5KkE,HumanEdit,humanedit_04.jpg,7,1,2
he_5D3SQkXKNhk,HumanEdit,humanedit_04.jpg,8,1,3
he_5H4p2FEBmf4,HumanEdit,humanedit_04.jpg,9,1,4
he_5NJHUpmzD20,HumanEdit,humanedit_04.jpg,10,2,0
he_5Qx4QBht_N4,HumanEdit,humanedit_04.jpg,11,2,1
he_5SoGp8vJO00,HumanEdit,humanedit_04.jpg,12,2,2
he_5V_pMmsv7wk,HumanEdit,humanedit_04.jpg,13,2,3
he_5glUYvzsWGY,HumanEdit,humanedit_04.jpg,14,2,4
he_5htXZu3V3oM,HumanEdit,humanedit_04.jpg,15,3,0
he_5iX4W5tIjYM,HumanEdit,humanedit_04.jpg,16,3,1
he_5mTOegXTMUM,HumanEdit,humanedit_04.jpg,17,3,2
he_5mmngbWIflg,HumanEdit,humanedit_04.jpg,18,3,3
he_5sh24a7m0BU,HumanEdit,humanedit_04.jpg,19,3,4
he_6-Grz7txpe8,HumanEdit,humanedit_04.jpg,20,4,0
he_6g-b4Ewoho0,HumanEdit,humanedit_04.jpg,21,4,1
he_7XHbr-V62IM,HumanEdit,humanedit_04.jpg,22,4,2
he_7tyW8-6rb_4,HumanEdit,humanedit_04.jpg,23,4,3
he_7wIg5ENOSCw,HumanEdit,humanedit_04.jpg,24,4,4
he_8VmiMhameng,HumanEdit,humanedit_05.jpg,0,0,0
he_8bSV4ulfbzo,HumanEdit,humanedit_05.jpg,1,0,1
he_8pc5B4rnw_I,HumanEdit,humanedit_05.jpg,2,0,2
he_8s0x8fqTGXE,HumanEdit,humanedit_05.jpg,3,0,3
he_8tN3flDTQBU,HumanEdit,humanedit_05.jpg,4,0,4
he_9TdomzK-2d0,HumanEdit,humanedit_05.jpg,5,1,0
he_9UNuCjJnQbA,HumanEdit,humanedit_05.jpg,6,1,1
he_9V2d3RoUEdk,HumanEdit,humanedit_05.jpg,7,1,2
he_9Vq-VuI7woY,HumanEdit,humanedit_05.jpg,8,1,3
he_9iR21DGebEs,HumanEdit,humanedit_05.jpg,9,1,4
he_9swU_dZxwGg,HumanEdit,humanedit_05.jpg,10,2,0
he_AxnzedBAdxo,HumanEdit,humanedit_05.jpg,11,2,1
he_N92PmuFjVOI,HumanEdit,humanedit_05.jpg,12,2,2
he_OdjhBf4Ar4I,HumanEdit,humanedit_05.jpg,13,2,3
he__M4SLgyL3Ps,HumanEdit,humanedit_05.jpg,14,2,4
he__RnbxS6vUb8,HumanEdit,humanedit_05.jpg,15,3,0
he__Wt5CgwWk1k,HumanEdit,humanedit_05.jpg,16,3,1
he__g30Vjnlhkk,HumanEdit,humanedit_05.jpg,17,3,2
he__hpk_92Crhs,HumanEdit,humanedit_05.jpg,18,3,3
he__w0XkDuLj88,HumanEdit,humanedit_05.jpg,19,3,4
he_-3E9wA9VWCY,HumanEdit,humanedit_05.jpg,20,4,0
he_-3Mbr-3-e2s,HumanEdit,humanedit_05.jpg,21,4,1
he_0HPhEPT3FmE,HumanEdit,humanedit_05.jpg,22,4,2
he_0Ut0pNrTdQo,HumanEdit,humanedit_05.jpg,23,4,3
he_0hwoPb13zuQ,HumanEdit,humanedit_05.jpg,24,4,4
he_0l_PZ1mO_ZA,HumanEdit,humanedit_06.jpg,0,0,0
he_0pSsWN8uqAE,HumanEdit,humanedit_06.jpg,1,0,1
he_1GxT-yz-PGQ,HumanEdit,humanedit_06.jpg,2,0,2
he_1KTNlv11tDc,HumanEdit,humanedit_06.jpg,3,0,3
he_1dwyU46p7eE,HumanEdit,humanedit_06.jpg,4,0,4
he_1fb6ubsKS0w,HumanEdit,humanedit_06.jpg,5,1,0
he_1fdh8ho4jiM,HumanEdit,humanedit_06.jpg,6,1,1
he_28ztKXfneYk,HumanEdit,humanedit_06.jpg,7,1,2
he_29h2n639YDA,HumanEdit,humanedit_06.jpg,8,1,3
he_2rIs8OH5ng0,HumanEdit,humanedit_06.jpg,9,1,4
he_30AOxN5emxs,HumanEdit,humanedit_06.jpg,10,2,0
he_3KawHcKmfAw,HumanEdit,humanedit_06.jpg,11,2,1
he_3OG8ywzgjJY,HumanEdit,humanedit_06.jpg,12,2,2
he_3OQejbTxeTY,HumanEdit,humanedit_06.jpg,13,2,3
he_3QDsA0uUd4k,HumanEdit,humanedit_06.jpg,14,2,4
he_3Qi0PkM_Wes,HumanEdit,humanedit_06.jpg,15,3,0
he_3SwQ_pDAitQ,HumanEdit,humanedit_06.jpg,16,3,1
he_3d853e9ZjPM,HumanEdit,humanedit_06.jpg,17,3,2
he_3ifyMZdTDUY,HumanEdit,humanedit_06.jpg,18,3,3
he_3khMcS5CLN0,HumanEdit,humanedit_06.jpg,19,3,4
he_3qoJo9hp2Ak,HumanEdit,humanedit_06.jpg,20,4,0
he_3sBnJqI8LXo,HumanEdit,humanedit_06.jpg,21,4,1
he_3t6rfsCaWiQ,HumanEdit,humanedit_06.jpg,22,4,2
he_3tvnHnUXjDU,HumanEdit,humanedit_06.jpg,23,4,3
he_46juD4zY1XA,HumanEdit,humanedit_06.jpg,24,4,4
he_50uhRqRVJM8,HumanEdit,humanedit_07.jpg,0,0,0
he_5r7YLkOwwQg,HumanEdit,humanedit_07.jpg,1,0,1
he_6hkjCMStvQ0,HumanEdit,humanedit_07.jpg,2,0,2
he_6zKEK46iVIc,HumanEdit,humanedit_07.jpg,3,0,3
he_7zfQ6sbWVyE,HumanEdit,humanedit_07.jpg,4,0,4
he_805S0qauwKQ,HumanEdit,humanedit_07.jpg,5,1,0
he_87InWldRhgs,HumanEdit,humanedit_07.jpg,6,1,1
he_8TgvLWnhlbQ,HumanEdit,humanedit_07.jpg,7,1,2
he_8VxLn3IgokM,HumanEdit,humanedit_07.jpg,8,1,3
he_8a3LPB-Z9Ag,HumanEdit,humanedit_07.jpg,9,1,4
he_8vn4KvfU640,HumanEdit,humanedit_07.jpg,10,2,0
he_9T-ECH-1Tj0,HumanEdit,humanedit_07.jpg,11,2,1
he_9sZ_aSCZ0W8,HumanEdit,humanedit_07.jpg,12,2,2
he_9t1l8iKx1xA,HumanEdit,humanedit_07.jpg,13,2,3
he_9u2GMRE8MdE,HumanEdit,humanedit_07.jpg,14,2,4
he_9uUy6Rf7iPw,HumanEdit,humanedit_07.jpg,15,3,0
he_9vHPCKymSh0,HumanEdit,humanedit_07.jpg,16,3,1
he_A_f5ucMXRH4,HumanEdit,humanedit_07.jpg,17,3,2
he_Vdkm_nd237s,HumanEdit,humanedit_07.jpg,18,3,3
he__RfbgayXWOk,HumanEdit,humanedit_07.jpg,19,3,4
he__Rh_zxIUWXA,HumanEdit,humanedit_07.jpg,20,4,0
he__SMGQ74kB3c,HumanEdit,humanedit_07.jpg,21,4,1
he__XQflc16W0I,HumanEdit,humanedit_07.jpg,22,4,2
he__rWF1DVWkUs,HumanEdit,humanedit_07.jpg,23,4,3
he__urKfD3fUK8,HumanEdit,humanedit_07.jpg,24,4,4
he__v1ipqy_fd4,HumanEdit,humanedit_08.jpg,0,0,0
he__zd5Lqg6qwc,HumanEdit,humanedit_08.jpg,1,0,1
he_fbAnIjhrOL4,HumanEdit,humanedit_08.jpg,2,0,2
he_kC28celkE_0,HumanEdit,humanedit_08.jpg,3,0,3
he_ouDjrbw-fs0,HumanEdit,humanedit_08.jpg,4,0,4
rs_000101_1,ReShapeBench,reshapebench_01.jpg,0,0,0
rs_000101_2,ReShapeBench,reshapebench_01.jpg,1,0,1
rs_000102_1,ReShapeBench,reshapebench_01.jpg,2,0,2
rs_000102_2,ReShapeBench,reshapebench_01.jpg,3,0,3
rs_000103_1,ReShapeBench,reshapebench_01.jpg,4,0,4
rs_000104_2,ReShapeBench,reshapebench_01.jpg,5,1,0
rs_000105_1,ReShapeBench,reshapebench_01.jpg,6,1,1
rs_000105_2,ReShapeBench,reshapebench_01.jpg,7,1,2
rs_000106_1,ReShapeBench,reshapebench_01.jpg,8,1,3
rs_000106_2,ReShapeBench,reshapebench_01.jpg,9,1,4
rs_000107_1,ReShapeBench,reshapebench_01.jpg,10,2,0
rs_000107_2,ReShapeBench,reshapebench_01.jpg,11,2,1
rs_000108_1,ReShapeBench,reshapebench_01.jpg,12,2,2
rs_000108_2,ReShapeBench,reshapebench_01.jpg,13,2,3
rs_000109_2,ReShapeBench,reshapebench_01.jpg,14,2,4
rs_000110_2,ReShapeBench,reshapebench_01.jpg,15,3,0
rs_000111_1,ReShapeBench,reshapebench_01.jpg,16,3,1
rs_000111_2,ReShapeBench,reshapebench_01.jpg,17,3,2
rs_000112_1,ReShapeBench,reshapebench_01.jpg,18,3,3
rs_000113_1,ReShapeBench,reshapebench_01.jpg,19,3,4
rs_000113_2,ReShapeBench,reshapebench_01.jpg,20,4,0
rs_000114_1,ReShapeBench,reshapebench_01.jpg,21,4,1
rs_000115_1,ReShapeBench,reshapebench_01.jpg,22,4,2
rs_000115_2,ReShapeBench,reshapebench_01.jpg,23,4,3
rs_000116_1,ReShapeBench,reshapebench_01.jpg,24,4,4
rs_000117_2,ReShapeBench,reshapebench_02.jpg,0,0,0
rs_000118_1,ReShapeBench,reshapebench_02.jpg,1,0,1
rs_000119_1,ReShapeBench,reshapebench_02.jpg,2,0,2
rs_000120_2,ReShapeBench,reshapebench_02.jpg,3,0,3
rs_000121_1,ReShapeBench,reshapebench_02.jpg,4,0,4
rs_000121_2,ReShapeBench,reshapebench_02.jpg,5,1,0
rs_000122_1,ReShapeBench,reshapebench_02.jpg,6,1,1
rs_000123_2,ReShapeBench,reshapebench_02.jpg,7,1,2
rs_000124_2,ReShapeBench,reshapebench_02.jpg,8,1,3
rs_000125_1,ReShapeBench,reshapebench_02.jpg,9,1,4
rs_000125_2,ReShapeBench,reshapebench_02.jpg,10,2,0
rs_000126_2,ReShapeBench,reshapebench_02.jpg,11,2,1
rs_000127_2,ReShapeBench,reshapebench_02.jpg,12,2,2
rs_000128_1,ReShapeBench,reshapebench_02.jpg,13,2,3
rs_000128_2,ReShapeBench,reshapebench_02.jpg,14,2,4
rs_000129_2,ReShapeBench,reshapebench_02.jpg,15,3,0
rs_000130_1,ReShapeBench,reshapebench_02.jpg,16,3,1
rs_000131_1,ReShapeBench,reshapebench_02.jpg,17,3,2
rs_000131_2,ReShapeBench,reshapebench_02.jpg,18,3,3
rs_000132_1,ReShapeBench,reshapebench_02.jpg,19,3,4
rs_000132_2,ReShapeBench,reshapebench_02.jpg,20,4,0
rs_000133_1,ReShapeBench,reshapebench_02.jpg,21,4,1
rs_000134_1,ReShapeBench,reshapebench_02.jpg,22,4,2
rs_000134_2,ReShapeBench,reshapebench_02.jpg,23,4,3
rs_000135_2,ReShapeBench,reshapebench_02.jpg,24,4,4
rs_000136_1,ReShapeBench,reshapebench_03.jpg,0,0,0
rs_000137_1,ReShapeBench,reshapebench_03.jpg,1,0,1
rs_000138_1,ReShapeBench,reshapebench_03.jpg,2,0,2
rs_000138_2,ReShapeBench,reshapebench_03.jpg,3,0,3
rs_000139_2,ReShapeBench,reshapebench_03.jpg,4,0,4
rs_000140_1,ReShapeBench,reshapebench_03.jpg,5,1,0
rs_000140_2,ReShapeBench,reshapebench_03.jpg,6,1,1
rs_000141_1,ReShapeBench,reshapebench_03.jpg,7,1,2
rs_000141_2,ReShapeBench,reshapebench_03.jpg,8,1,3
rs_000142_1,ReShapeBench,reshapebench_03.jpg,9,1,4
rs_000143_2,ReShapeBench,reshapebench_03.jpg,10,2,0
rs_000144_2,ReShapeBench,reshapebench_03.jpg,11,2,1
rs_000145_1,ReShapeBench,reshapebench_03.jpg,12,2,2
rs_000145_2,ReShapeBench,reshapebench_03.jpg,13,2,3
rs_000146_1,ReShapeBench,reshapebench_03.jpg,14,2,4
rs_000146_2,ReShapeBench,reshapebench_03.jpg,15,3,0
rs_000147_2,ReShapeBench,reshapebench_03.jpg,16,3,1
rs_000148_1,ReShapeBench,reshapebench_03.jpg,17,3,2
rs_000149_1,ReShapeBench,reshapebench_03.jpg,18,3,3
rs_000150_2,ReShapeBench,reshapebench_03.jpg,19,3,4
rs_000001_1,ReShapeBench,reshapebench_03.jpg,20,4,0
rs_000002_1,ReShapeBench,reshapebench_03.jpg,21,4,1
rs_000003_1,ReShapeBench,reshapebench_03.jpg,22,4,2
rs_000005_1,ReShapeBench,reshapebench_03.jpg,23,4,3
rs_000006_2,ReShapeBench,reshapebench_03.jpg,24,4,4
rs_000008_1,ReShapeBench,reshapebench_04.jpg,0,0,0
rs_000011_2,ReShapeBench,reshapebench_04.jpg,1,0,1
rs_000012_1,ReShapeBench,reshapebench_04.jpg,2,0,2
rs_000013_2,ReShapeBench,reshapebench_04.jpg,3,0,3
rs_000015_2,ReShapeBench,reshapebench_04.jpg,4,0,4
rs_000017_1,ReShapeBench,reshapebench_04.jpg,5,1,0
rs_000018_2,ReShapeBench,reshapebench_04.jpg,6,1,1
rs_000022_2,ReShapeBench,reshapebench_04.jpg,7,1,2
rs_000025_2,ReShapeBench,reshapebench_04.jpg,8,1,3
rs_000026_2,ReShapeBench,reshapebench_04.jpg,9,1,4
rs_000028_2,ReShapeBench,reshapebench_04.jpg,10,2,0
rs_000030_2,ReShapeBench,reshapebench_04.jpg,11,2,1
rs_000035_1,ReShapeBench,reshapebench_04.jpg,12,2,2
rs_000036_2,ReShapeBench,reshapebench_04.jpg,13,2,3
rs_000037_1,ReShapeBench,reshapebench_04.jpg,14,2,4
rs_000044_2,ReShapeBench,reshapebench_04.jpg,15,3,0
rs_000046_1,ReShapeBench,reshapebench_04.jpg,16,3,1
rs_000047_1,ReShapeBench,reshapebench_04.jpg,17,3,2
rs_000053_1,ReShapeBench,reshapebench_04.jpg,18,3,3
rs_000055_1,ReShapeBench,reshapebench_04.jpg,19,3,4
rs_000060_1,ReShapeBench,reshapebench_04.jpg,20,4,0
rs_000061_1,ReShapeBench,reshapebench_04.jpg,21,4,1
rs_000062_2,ReShapeBench,reshapebench_04.jpg,22,4,2
rs_000069_1,ReShapeBench,reshapebench_04.jpg,23,4,3
rs_000070_2,ReShapeBench,reshapebench_04.jpg,24,4,4
