0	inspect	两人相邻外套、领口、头发和手持物形成局部边界
1	reject	夜景运动模糊，远处目标可辨性不足
2	inspect	拥挤行人相互遮挡，针织衣物与背包等边界复杂
3	reject	大横幅占主导，远处局部目标小且密集遮挡
4	inspect	旗帜遮挡多人，衣物与旗杆边界有选择难度
5	reject	人群主要露后脑与少量背部，目标可辨性不稳定
6	reject	大面积空屋顶，小灯具不足以组成高质量多对象局部任务
7	inspect	交通灯、灯臂、街牌与建筑背景交错
8	reject	狭窄取景人群密集，前景人脸模糊且局部目标不完整
9	inspect	夜间路口多人交叉行走，需验证服装mask可辨性
10	inspect	广场相邻长椅与坐姿人物，物体局部及遮挡关系丰富
11	reject	黑白旧照片细节与颗粒影响细区域评估
12	inspect	推车轮架、包袋、人与手持关系形成细边界
13	inspect	并排两人背包及扶梯，相似深色衣物和手臂遮挡
14	reject	主对象单人占主导，后方独立目标不完整
15	inspect	市场多件相似商品紧邻，需要确认实例mask能分开
16	inspect	手持罐与货架同类罐选择，手指与罐盖局部边界
17	reject	夜景过暗，目标与背景难以可靠区分
18	inspect	室内多张吧椅、桌具和篮筐，细长结构及近邻保护
19	inspect	俯拍书摊密集相似书籍与顾客，遮挡和实例选择
20	inspect	唱片摊多人衣物、背包与手臂交错
21	reject	暗部杂物遮挡严重，清晰目标少
22	reject	主树冠与远景主导，局部物体太远
23	inspect	密集相邻帐篷和路边物品，帐篷门帘与包体需验证
24	reject	中心单人占主导，第二目标缺乏同等细粒度价值
25	inspect	同色服装队伍中手臂、鼓和背带遮挡
26	reject	舞台演奏者与部件较远，细小结构难以核验
27	reject	隔窗失焦并大面积遮挡，局部质量不足
28	reject	连体座椅独立物体口径有歧义且其余目标偏少
29	reject	街景立面占主导，车辆远小且局部任务难度不足
30	reject	前景人突出，其他目标远小且场景边界较简单
31	inspect	车展两辆近邻车和多人，车体部件、衣物及接触遮挡
32	reject	暗部与杂物遮挡严重，次目标完整性不足
33	inspect	阶梯多名坐姿人物，相似衣物与手臂腿部交错
34	reject	对称建筑大表面为主，缺少合适独立局部对象
35	inspect	制服队列与相同红帽，实例选择和人群重叠明显
36	reject	建筑立面同一整体上的重复装饰较多，独立对象口径弱
37	inspect	相似绿色球衣、帽子、围巾与摄影设备交错
38	inspect	车站多名行人和相似拉杆箱，手与箱杆连接关系
39	inspect	两名运动员动作重叠，衣物与肢体接触边界
40	reject	室内暗部偏多，细结构可辨性不足
41	reject	强逆光和雾化影响桌椅边界质量
42	inspect	密集橙色球衣观众，手臂和围栏分割可见衣物
43	reject	主目标较远，局部特征与实例边界不够清楚
44	inspect	摄影机、三脚架与人物近接，手持物遮挡衣物
45	reject	前景家具暗部较多，清晰局部与独立目标不足
46	inspect	露天餐厅密集桌椅、人腿和餐具，细框架与遮挡
47	inspect	相似橙色长袍、手持金属钵和递物手臂交错
48	reject	俯拍人物过小，精细部件可用像素不足
49	inspect	展台相似酒瓶、玻璃展架与高脚凳
50	reject	叶片很难可靠确认不同物理植株，父对象口径不稳
51	inspect	窄街中多车与行人紧邻，头盔和车体局部
52	reject	人群和大标语主导，可稳定标注的细部不突出
53	reject	暗夜和火光下目标边界不可靠
54	reject	主要目标较远，物体相互遮挡但局部像素不足
55	reject	主要为单人及货柜，次目标难度不均
56	inspect	成排相似摩托车、头盔、背包与尾灯
57	reject	夜景建筑为主，局部独立对象不足
58	inspect	多辆越野车的轮胎轮毂与车体边界，需要检查孔洞
59	reject	街道人物偏小且部分高光过曝
60	reject	人物大面积黑衣和遮挡，局部细节难以可靠核验
61	reject	远距离人群场景，目标细节不足
62	inspect	多名相似制服表演者，张开的袖口与手脚细边界
63	reject	俯拍人群偏小，细部纹理不可稳定辨认
64	inspect	多个人台穿不同服装，相邻衣物和挂衣形成遮挡
65	inspect	堆叠金属卷筒、轴孔和车架，实例归属与孔洞保护
66	reject	昏暗餐厅浅景深，多个细目标失焦
67	reject	宽角商场人群与商品过远，局部目标较小
68	reject	滑板动作主体突出，其他人物局部偏小且过曝
69	reject	运动模糊夜景，不适合细边界评价
70	reject	背影队列暗且互相遮挡，目标可见范围不足
71	reject	单辆赛车占主导，背景人群远小
72	inspect	露天餐厅多张椅子与坐姿人物，伞柱和细腿交错
73	inspect	相似传统服装队列，宽袖、花束与长发互相遮挡
74	reject	俯拍运动人群目标小且有运动模糊
75	inspect	图书馆成组木椅，椅背横杆、椅腿及桌缘相互遮挡
76	reject	建筑立面为主，独立细对象不足
77	inspect	母亲抱孩与旁边人物，衣物和背带具有接触边界
78	reject	远处队列且衣物细节小，遮挡质量难核验
79	reject	狭窄城市远景，缺少足够清晰的多目标细部
80	inspect	同款自行车成排紧邻，车架细杆和轮辐孔洞
81	reject	密集大标牌主导，部件级任务场景较弱
82	inspect	市场密集鱼货、托盘与容器，目标接触和重复实例
83	reject	街道人物有运动模糊，局部边界不稳定
84	inspect	相邻编织筐孔洞与金属挂件，需查是否填洞
85	inspect	餐厅重复灯具、餐桌和椅子，小部件与近邻关系
86	inspect	多人手持细长制作物与透明杯，遮挡边界复杂
87	inspect	大量相似鞋子紧邻、堆叠，单鞋实例选择困难
88	reject	目标人物较远，扶梯主体不是独立对象组
89	reject	强焊接光干扰局部质量，主对象单一
90	inspect	拥挤儿童发饰、头发和衣服，同类小配件相似
91	reject	单人突出，其他人只剩片段，难度分布不均
92	reject	瓶子被密集车栏遮挡，可见范围与归属难核准
93	reject	清楚目标少，远处群体细节不足
94	reject	宽街景多人偏远，局部结构难度弱
95	inspect	同类摩托车与头盔多实例，车轮细结构需要核验
96	reject	海边远景，局部像素及清晰度不足
97	reject	主要为分离背影，编辑目标边界较简单
98	reject	相互分散的行人，复杂局部关系不足
99	reject	广场远景，主目标小且散
100	reject	单人明显突出，背景自行车太远
101	reject	远处行人小且夜景，局部质量不稳定
102	inspect	轮胎修理店，手臂与轮胎接触、轮毂孔洞和工具近邻
103	reject	车辆远近差距大，动态车模糊且部件细节少
104	inspect	候车厅相似连排座椅与坐姿人物，需避免把同一长椅拆成多个对象
105	inspect	鱼市多只金属盆与手持物，盆沿、鱼体与遮挡关系复杂
106	inspect	多人衣物与皮卡尾门接触、物品遮挡身体
107	inspect	击鼓者同色服装与鼓、鼓槌的手持交错
320	reject	车辆与远处行人分散，清晰部件不突出
321	reject	灯笼失焦，清晰主体只有钟
322	reject	航拍车辆太小，部件不可辨
323	reject	重复建筑外立面为主，独立目标口径弱
324	reject	行驶中摩托车较远，近处画面被遮挡
325	inspect	相邻同类塑像的手臂、耳部与装饰，局部身份选择
326	inspect	密集金属盘和器皿交错，重复实例和轮廓接触
327	reject	远景建筑为主，局部物体过小
328	inspect	多个相似陶制多枝灯架，细杆分叉与孔洞背景
329	reject	夜景山体为主，前景车辆暗小
330	reject	单一装扮人物，背景失焦
331	reject	单一人物突出，近旁人物被裁切及失焦
332	inspect	港口相邻车辆和游艇，需检查可用车体小部件
333	reject	街口远景，目标分散且细节不足
334	reject	建筑主体占主导，车辆部件过小
335	reject	建筑与空广场，局部独立目标不足
336	reject	单张地毯纹样不是多个独立物体
337	reject	黑白动态人群模糊
338	inspect	骑兵马匹相互遮挡，缰绳、腿部和服装边界
339	inspect	相似黄色出租车与巴士近邻，车体局部可比较
340	reject	远景车流与烟雾，细部不可核验
341	inspect	两只猫紧靠餐碗和人的手，接触遮挡与细尾部
342	reject	彩绘玻璃里的形象不是场景中独立实体
343	reject	单一塑像为主，次目标太小
344	inspect	两只相同粉色提桶被双手和吸管遮挡
345	reject	城市广场远景，局部目标过远
346	reject	室内远处人群细节不够
347	reject	主电车占主导，周边目标小
348	reject	整齐包装盒边界简单，缺少严格复杂场景难点
349	reject	暮色船体较远，局部结构欠清晰
350	reject	水面与远景为主，无合适多对象细部
351	reject	船内暗部严重，局部目标看不清
352	reject	单一建筑主导，近处物体太小
353	reject	单一邮轮主导，另一小船细节不足
354	reject	加油站宽景中车辆较少且远
355	reject	逆光街道，部件质量不足
356	reject	同一花簇难确认独立植物归属，浅景深明显
357	reject	山体占主导，人物和器具太远
358	reject	单人及手机，背景不足以形成复杂多目标
359	inspect	海鲜摊相似贝壳、烤盘和串签密集接触
360	reject	湖面远景，船体与局部太远
361	reject	单一缝纫机占主导，独立对象不足
362	inspect	绘画修复中手持细工具、袖口及邻近器皿
363	inspect	多个工业加工单元、护栏和部件交错，需核实父机器归属
364	reject	街景广场，目标细节不足
365	inspect	相似僧袍队列，手持钵与皮肤接触边界
366	inspect	两架同款飞机重叠，尾翼与机体局部实例选择
367	reject	远处摊位细节小，主要为建筑景观
368	reject	单人主体清楚，旁边座椅失焦
369	reject	树林街道远景，局部目标不突出
370	inspect	相同服装人物与管乐器，多弯管孔洞和手持关系
371	reject	甲板强光远景，躺椅局部过小
372	reject	桥梁水面远景，没有足够清晰多对象
373	reject	桥梁建筑暗部，细物体不可辨
374	reject	仰拍天空建筑，独立目标不足
375	inspect	采石场多辆工程车，细机械臂与履带几何
376	reject	汽车分散且一辆被截断，场景难度不足
377	reject	主船突出，其他对象部件弱
378	reject	单一巡逻船为主，次目标较远
379	inspect	水果摊多个同类果盒、价签与枝叶遮挡
380	reject	双鞋产品照背景干净，复杂场景难度不足
381	reject	远景船与人群过小
382	reject	空广场与单一雕塑为主
383	reject	船内单人突出且暗，次目标不完整
384	reject	海滩远景遮阳伞椅子太小
385	reject	城市景观目标分散且远
386	inspect	多只废瓶被草叶遮挡，透明瓶身与植被边界复杂
387	reject	单灯具近景，其余内容失焦
388	reject	单个空椅与空墙为主，多目标难度不足
389	reject	帆船相距远且一艘很小
390	reject	三个杯子虽同类但背景简单、分离清楚，难度不足
391	reject	水岸建筑主导，局部目标不足
392	reject	水上项目目标太远，人物被水面遮挡
393	reject	海滩广角景物，局部独立对象过小
108	inspect	围桌生日聚会多人，帽子和蛋糕周边的手部遮挡
109	reject	单一骑车人物突出，其他人物太远
110	reject	单一礼服人物近景，后排人物残缺
111	inspect	相同红衣合影，人手遮挡衣襟且相邻肩部紧密
112	reject	人群分散，主要可见目标较少且背景细部小
113	inspect	市场多人背包与衣物交叉，背带为细长局部
114	inspect	两人碰杯，透明高脚杯与手指接触及相同杯型
115	inspect	商店入口多袋粮食和托盘，袋口与内容物边界
116	inspect	近邻木船、篷布与船内伞和货物，细支杆交错
117	reject	树冠和建筑主导，难确认可编辑独立局部物体
118	inspect	树荫下餐桌与凳子被枝叶遮挡，需验证细框架标注
119	inspect	载货摩托车多只捆扎包裹，绑绳与包体相互遮挡
120	reject	小车单主体突出，第二车辆远小且边界简单
121	reject	远处活动人群局部细节不足
122	inspect	两人不同背包与细肩带，衣服头发和手臂遮挡
123	reject	单辆三轮车突出，行人局部较小
124	reject	建筑空街，缺少多对象目标
125	inspect	钓鱼者的细鱼竿、帽子与背包，交叉持握关系
126	inspect	并排多名骑车者，衣物与车把相邻及同类选择
127	reject	空街与建筑景物为主
128	inspect	牵马者与马具、绳索和前景小狗，需核验细标注
129	inspect	多名相似服装表演者及乐器，手持和遮挡关系
130	reject	人物较为分离且强逆光，局部边界价值不足
131	reject	主货车单一且轮辐遮挡，第二清晰父对象不足
132	reject	长曝光车灯运动模糊
133	inspect	密集食材碗与多只相似勺子，柄和碗沿交叉
134	reject	规则冰淇淋盒排列，遮挡及结构复杂度不足
135	reject	建筑单主体，独立对象不足
136	inspect	多人手持叶片食物，衣物、饭盒与篮子密集接触
137	reject	主体人物较少且次目标部分失焦
138	reject	货架包装密集但以规则矩形为主，部件级难度不足
139	reject	大型队列过远且像素有限
140	reject	室内单人操作台，次目标偏暗
141	reject	远景行走人群较散，局部编辑价值不足
142	inspect	多只手共同持握器物，袖口、器物与面部强接触
143	reject	单一装扮人物，独立多对象不足
144	inspect	多对象及遮挡/部件候选，进入原图与mask细查
145	reject	本轮场景初筛不选：主体简单、独立目标不足或局部细节可辨性不足
146	inspect	多对象及遮挡/部件候选，进入原图与mask细查
147	reject	本轮场景初筛不选：主体简单、独立目标不足或局部细节可辨性不足
148	inspect	多对象及遮挡/部件候选，进入原图与mask细查
149	reject	本轮场景初筛不选：主体简单、独立目标不足或局部细节可辨性不足
150	reject	本轮场景初筛不选：主体简单、独立目标不足或局部细节可辨性不足
151	inspect	多对象及遮挡/部件候选，进入原图与mask细查
152	inspect	多对象及遮挡/部件候选，进入原图与mask细查
153	inspect	多对象及遮挡/部件候选，进入原图与mask细查
154	inspect	多对象及遮挡/部件候选，进入原图与mask细查
155	reject	本轮场景初筛不选：主体简单、独立目标不足或局部细节可辨性不足
156	reject	本轮场景初筛不选：主体简单、独立目标不足或局部细节可辨性不足
157	reject	本轮场景初筛不选：主体简单、独立目标不足或局部细节可辨性不足
158	reject	本轮场景初筛不选：主体简单、独立目标不足或局部细节可辨性不足
159	inspect	多对象及遮挡/部件候选，进入原图与mask细查
160	reject	本轮场景初筛不选：主体简单、独立目标不足或局部细节可辨性不足
161	reject	本轮场景初筛不选：主体简单、独立目标不足或局部细节可辨性不足
162	reject	本轮场景初筛不选：主体简单、独立目标不足或局部细节可辨性不足
163	inspect	多对象及遮挡/部件候选，进入原图与mask细查
164	reject	本轮场景初筛不选：主体简单、独立目标不足或局部细节可辨性不足
165	inspect	多对象及遮挡/部件候选，进入原图与mask细查
166	reject	本轮场景初筛不选：主体简单、独立目标不足或局部细节可辨性不足
167	reject	本轮场景初筛不选：主体简单、独立目标不足或局部细节可辨性不足
168	reject	本轮场景初筛不选：主体简单、独立目标不足或局部细节可辨性不足
169	reject	本轮场景初筛不选：主体简单、独立目标不足或局部细节可辨性不足
170	inspect	多对象及遮挡/部件候选，进入原图与mask细查
171	reject	本轮场景初筛不选：主体简单、独立目标不足或局部细节可辨性不足
172	inspect	多对象及遮挡/部件候选，进入原图与mask细查
173	reject	本轮场景初筛不选：主体简单、独立目标不足或局部细节可辨性不足
174	reject	本轮场景初筛不选：主体简单、独立目标不足或局部细节可辨性不足
175	reject	本轮场景初筛不选：主体简单、独立目标不足或局部细节可辨性不足
176	reject	本轮场景初筛不选：主体简单、独立目标不足或局部细节可辨性不足
177	inspect	多对象及遮挡/部件候选，进入原图与mask细查
178	inspect	多对象及遮挡/部件候选，进入原图与mask细查
179	reject	本轮场景初筛不选：主体简单、独立目标不足或局部细节可辨性不足
180	inspect	多对象与局部边界候选，进一步核验mask
181	reject	本轮场景初筛不选：主体单一、远景目标或可用细粒度结构不足
182	reject	本轮场景初筛不选：主体单一、远景目标或可用细粒度结构不足
183	reject	本轮场景初筛不选：主体单一、远景目标或可用细粒度结构不足
184	reject	本轮场景初筛不选：主体单一、远景目标或可用细粒度结构不足
185	reject	本轮场景初筛不选：主体单一、远景目标或可用细粒度结构不足
186	reject	本轮场景初筛不选：主体单一、远景目标或可用细粒度结构不足
187	inspect	多对象与局部边界候选，进一步核验mask
188	inspect	多对象与局部边界候选，进一步核验mask
189	reject	本轮场景初筛不选：主体单一、远景目标或可用细粒度结构不足
190	reject	本轮场景初筛不选：主体单一、远景目标或可用细粒度结构不足
191	reject	本轮场景初筛不选：主体单一、远景目标或可用细粒度结构不足
192	inspect	多对象与局部边界候选，进一步核验mask
193	inspect	多对象与局部边界候选，进一步核验mask
194	reject	本轮场景初筛不选：主体单一、远景目标或可用细粒度结构不足
195	reject	本轮场景初筛不选：主体单一、远景目标或可用细粒度结构不足
196	reject	本轮场景初筛不选：主体单一、远景目标或可用细粒度结构不足
197	reject	本轮场景初筛不选：主体单一、远景目标或可用细粒度结构不足
198	inspect	多对象与局部边界候选，进一步核验mask
199	reject	本轮场景初筛不选：主体单一、远景目标或可用细粒度结构不足
200	reject	本轮场景初筛不选：主体单一、远景目标或可用细粒度结构不足
201	reject	本轮场景初筛不选：主体单一、远景目标或可用细粒度结构不足
202	reject	本轮场景初筛不选：主体单一、远景目标或可用细粒度结构不足
203	reject	本轮场景初筛不选：主体单一、远景目标或可用细粒度结构不足
204	reject	本轮场景初筛不选：主体单一、远景目标或可用细粒度结构不足
205	inspect	多对象与局部边界候选，进一步核验mask
206	reject	本轮场景初筛不选：主体单一、远景目标或可用细粒度结构不足
207	reject	本轮场景初筛不选：主体单一、远景目标或可用细粒度结构不足
208	inspect	多对象与局部边界候选，进一步核验mask
209	reject	本轮场景初筛不选：主体单一、远景目标或可用细粒度结构不足
210	inspect	多对象与局部边界候选，进一步核验mask
211	inspect	多对象与局部边界候选，进一步核验mask
212	reject	本轮场景初筛不选：主体单一、远景目标或可用细粒度结构不足
213	reject	本轮场景初筛不选：主体单一、远景目标或可用细粒度结构不足
214	reject	本轮场景初筛不选：主体单一、远景目标或可用细粒度结构不足
215	reject	本轮场景初筛不选：主体单一、远景目标或可用细粒度结构不足
216	inspect	多对象与局部边界候选，进一步核验mask
217	reject	本轮场景初筛不选：主体单一、远景目标或可用细粒度结构不足
218	inspect	多对象与局部边界候选，进一步核验mask
219	inspect	多对象与局部边界候选，进一步核验mask
220	reject	本轮场景初筛不选：主体单一、远景目标或可用细粒度结构不足
221	reject	本轮场景初筛不选：主体单一、远景目标或可用细粒度结构不足
222	reject	本轮场景初筛不选：主体单一、远景目标或可用细粒度结构不足
223	reject	本轮场景初筛不选：主体单一、远景目标或可用细粒度结构不足
224	reject	本轮场景初筛不选：主体单一、远景目标或可用细粒度结构不足
225	reject	本轮场景初筛不选：主体单一、远景目标或可用细粒度结构不足
226	reject	本轮场景初筛不选：主体单一、远景目标或可用细粒度结构不足
227	inspect	多对象与局部边界候选，进一步核验mask
228	reject	本轮场景初筛不选：主体单一、远景目标或可用细粒度结构不足
229	inspect	多对象与局部边界候选，进一步核验mask
230	reject	本轮场景初筛不选：主体单一、远景目标或可用细粒度结构不足
231	reject	本轮场景初筛不选：主体单一、远景目标或可用细粒度结构不足
232	reject	本轮场景初筛不选：主体单一、远景目标或可用细粒度结构不足
233	reject	本轮场景初筛不选：主体单一、远景目标或可用细粒度结构不足
234	reject	本轮场景初筛不选：主体单一、远景目标或可用细粒度结构不足
235	reject	本轮场景初筛不选：主体单一、远景目标或可用细粒度结构不足
236	inspect	多对象与局部边界候选，进一步核验mask
237	inspect	多对象与局部边界候选，进一步核验mask
238	reject	本轮场景初筛不选：主体单一、远景目标或可用细粒度结构不足
239	reject	本轮场景初筛不选：主体单一、远景目标或可用细粒度结构不足
240	reject	本轮场景初筛不选：主体单一、远景目标或可用细粒度结构不足
241	inspect	多对象与局部边界候选，进一步核验mask
242	reject	本轮场景初筛不选：主体单一、远景目标或可用细粒度结构不足
243	inspect	多对象与局部边界候选，进一步核验mask
244	reject	本轮场景初筛不选：主体单一、远景目标或可用细粒度结构不足
245	reject	本轮场景初筛不选：主体单一、远景目标或可用细粒度结构不足
246	inspect	多对象与局部边界候选，进一步核验mask
247	reject	本轮场景初筛不选：主体单一、远景目标或可用细粒度结构不足
248	reject	本轮场景初筛不选：主体单一、远景目标或可用细粒度结构不足
249	reject	本轮场景初筛不选：主体单一、远景目标或可用细粒度结构不足
250	reject	本轮场景初筛不选：主体单一、远景目标或可用细粒度结构不足
251	reject	本轮场景初筛不选：主体单一、远景目标或可用细粒度结构不足
252	reject	场景初筛未选：主体单一、远景偏小、简单重复区域或边界清晰度不足
253	reject	场景初筛未选：主体单一、远景偏小、简单重复区域或边界清晰度不足
254	reject	场景初筛未选：主体单一、远景偏小、简单重复区域或边界清晰度不足
255	reject	场景初筛未选：主体单一、远景偏小、简单重复区域或边界清晰度不足
256	reject	场景初筛未选：主体单一、远景偏小、简单重复区域或边界清晰度不足
257	reject	场景初筛未选：主体单一、远景偏小、简单重复区域或边界清晰度不足
258	inspect	多对象局部区域候选，进一步核验mask
259	reject	场景初筛未选：主体单一、远景偏小、简单重复区域或边界清晰度不足
260	reject	场景初筛未选：主体单一、远景偏小、简单重复区域或边界清晰度不足
261	reject	场景初筛未选：主体单一、远景偏小、简单重复区域或边界清晰度不足
262	reject	场景初筛未选：主体单一、远景偏小、简单重复区域或边界清晰度不足
263	reject	场景初筛未选：主体单一、远景偏小、简单重复区域或边界清晰度不足
264	reject	场景初筛未选：主体单一、远景偏小、简单重复区域或边界清晰度不足
265	inspect	多对象局部区域候选，进一步核验mask
266	inspect	多对象局部区域候选，进一步核验mask
267	reject	场景初筛未选：主体单一、远景偏小、简单重复区域或边界清晰度不足
268	reject	场景初筛未选：主体单一、远景偏小、简单重复区域或边界清晰度不足
269	inspect	多对象局部区域候选，进一步核验mask
270	reject	场景初筛未选：主体单一、远景偏小、简单重复区域或边界清晰度不足
271	reject	场景初筛未选：主体单一、远景偏小、简单重复区域或边界清晰度不足
272	reject	场景初筛未选：主体单一、远景偏小、简单重复区域或边界清晰度不足
273	reject	场景初筛未选：主体单一、远景偏小、简单重复区域或边界清晰度不足
274	reject	场景初筛未选：主体单一、远景偏小、简单重复区域或边界清晰度不足
275	reject	场景初筛未选：主体单一、远景偏小、简单重复区域或边界清晰度不足
276	reject	场景初筛未选：主体单一、远景偏小、简单重复区域或边界清晰度不足
277	reject	场景初筛未选：主体单一、远景偏小、简单重复区域或边界清晰度不足
278	reject	场景初筛未选：主体单一、远景偏小、简单重复区域或边界清晰度不足
279	reject	场景初筛未选：主体单一、远景偏小、简单重复区域或边界清晰度不足
280	reject	场景初筛未选：主体单一、远景偏小、简单重复区域或边界清晰度不足
281	reject	场景初筛未选：主体单一、远景偏小、简单重复区域或边界清晰度不足
282	reject	场景初筛未选：主体单一、远景偏小、简单重复区域或边界清晰度不足
283	inspect	多对象局部区域候选，进一步核验mask
284	reject	场景初筛未选：主体单一、远景偏小、简单重复区域或边界清晰度不足
285	reject	场景初筛未选：主体单一、远景偏小、简单重复区域或边界清晰度不足
286	reject	场景初筛未选：主体单一、远景偏小、简单重复区域或边界清晰度不足
287	reject	场景初筛未选：主体单一、远景偏小、简单重复区域或边界清晰度不足
288	reject	场景初筛未选：主体单一、远景偏小、简单重复区域或边界清晰度不足
289	inspect	多对象局部区域候选，进一步核验mask
290	reject	场景初筛未选：主体单一、远景偏小、简单重复区域或边界清晰度不足
291	reject	场景初筛未选：主体单一、远景偏小、简单重复区域或边界清晰度不足
292	reject	场景初筛未选：主体单一、远景偏小、简单重复区域或边界清晰度不足
293	reject	场景初筛未选：主体单一、远景偏小、简单重复区域或边界清晰度不足
294	inspect	多对象局部区域候选，进一步核验mask
295	inspect	多对象局部区域候选，进一步核验mask
296	reject	场景初筛未选：主体单一、远景偏小、简单重复区域或边界清晰度不足
297	reject	场景初筛未选：主体单一、远景偏小、简单重复区域或边界清晰度不足
298	inspect	多对象局部区域候选，进一步核验mask
299	reject	场景初筛未选：主体单一、远景偏小、简单重复区域或边界清晰度不足
300	reject	场景初筛未选：主体单一、远景偏小、简单重复区域或边界清晰度不足
301	reject	场景初筛未选：主体单一、远景偏小、简单重复区域或边界清晰度不足
302	inspect	多对象局部区域候选，进一步核验mask
303	reject	场景初筛未选：主体单一、远景偏小、简单重复区域或边界清晰度不足
304	reject	场景初筛未选：主体单一、远景偏小、简单重复区域或边界清晰度不足
305	reject	场景初筛未选：主体单一、远景偏小、简单重复区域或边界清晰度不足
306	reject	场景初筛未选：主体单一、远景偏小、简单重复区域或边界清晰度不足
307	reject	场景初筛未选：主体单一、远景偏小、简单重复区域或边界清晰度不足
308	reject	场景初筛未选：主体单一、远景偏小、简单重复区域或边界清晰度不足
309	reject	场景初筛未选：主体单一、远景偏小、简单重复区域或边界清晰度不足
310	reject	场景初筛未选：主体单一、远景偏小、简单重复区域或边界清晰度不足
311	reject	场景初筛未选：主体单一、远景偏小、简单重复区域或边界清晰度不足
312	inspect	多对象局部区域候选，进一步核验mask
313	reject	场景初筛未选：主体单一、远景偏小、简单重复区域或边界清晰度不足
314	reject	场景初筛未选：主体单一、远景偏小、简单重复区域或边界清晰度不足
315	reject	场景初筛未选：主体单一、远景偏小、简单重复区域或边界清晰度不足
316	reject	场景初筛未选：主体单一、远景偏小、简单重复区域或边界清晰度不足
317	reject	场景初筛未选：主体单一、远景偏小、简单重复区域或边界清晰度不足
318	reject	场景初筛未选：主体单一、远景偏小、简单重复区域或边界清晰度不足
319	reject	场景初筛未选：主体单一、远景偏小、简单重复区域或边界清晰度不足
394	reject	已查看场景；进入详细核查或因主体单一、远景、模糊、简单重复区域而初筛淘汰
395	reject	已查看场景；进入详细核查或因主体单一、远景、模糊、简单重复区域而初筛淘汰
396	reject	已查看场景；进入详细核查或因主体单一、远景、模糊、简单重复区域而初筛淘汰
397	detail_reviewed	已查看场景；进入详细核查或因主体单一、远景、模糊、简单重复区域而初筛淘汰
398	reject	已查看场景；进入详细核查或因主体单一、远景、模糊、简单重复区域而初筛淘汰
399	reject	已查看场景；进入详细核查或因主体单一、远景、模糊、简单重复区域而初筛淘汰
400	detail_reviewed	已查看场景；进入详细核查或因主体单一、远景、模糊、简单重复区域而初筛淘汰
401	detail_reviewed	已查看场景；进入详细核查或因主体单一、远景、模糊、简单重复区域而初筛淘汰
402	detail_reviewed	已查看场景；进入详细核查或因主体单一、远景、模糊、简单重复区域而初筛淘汰
403	reject	已查看场景；进入详细核查或因主体单一、远景、模糊、简单重复区域而初筛淘汰
404	reject	已查看场景；进入详细核查或因主体单一、远景、模糊、简单重复区域而初筛淘汰
405	detail_reviewed	已查看场景；进入详细核查或因主体单一、远景、模糊、简单重复区域而初筛淘汰
406	detail_reviewed	已查看场景；进入详细核查或因主体单一、远景、模糊、简单重复区域而初筛淘汰
407	reject	已查看场景；进入详细核查或因主体单一、远景、模糊、简单重复区域而初筛淘汰
408	detail_reviewed	已查看场景；进入详细核查或因主体单一、远景、模糊、简单重复区域而初筛淘汰
409	detail_reviewed	已查看场景；进入详细核查或因主体单一、远景、模糊、简单重复区域而初筛淘汰
410	reject	已查看场景；进入详细核查或因主体单一、远景、模糊、简单重复区域而初筛淘汰
411	reject	已查看场景；进入详细核查或因主体单一、远景、模糊、简单重复区域而初筛淘汰
412	reject	已查看场景；进入详细核查或因主体单一、远景、模糊、简单重复区域而初筛淘汰
413	detail_reviewed	已查看场景；进入详细核查或因主体单一、远景、模糊、简单重复区域而初筛淘汰
414	detail_reviewed	已查看场景；进入详细核查或因主体单一、远景、模糊、简单重复区域而初筛淘汰
415	reject	已查看场景；进入详细核查或因主体单一、远景、模糊、简单重复区域而初筛淘汰
416	detail_reviewed	已查看场景；进入详细核查或因主体单一、远景、模糊、简单重复区域而初筛淘汰
417	detail_reviewed	已查看场景；进入详细核查或因主体单一、远景、模糊、简单重复区域而初筛淘汰
418	reject	已查看场景；进入详细核查或因主体单一、远景、模糊、简单重复区域而初筛淘汰
419	detail_reviewed	已查看场景；进入详细核查或因主体单一、远景、模糊、简单重复区域而初筛淘汰
420	detail_reviewed	已查看场景；进入详细核查或因主体单一、远景、模糊、简单重复区域而初筛淘汰
421	reject	已查看场景；进入详细核查或因主体单一、远景、模糊、简单重复区域而初筛淘汰
422	reject	已查看场景；进入详细核查或因主体单一、远景、模糊、简单重复区域而初筛淘汰
423	detail_reviewed	已查看场景；进入详细核查或因主体单一、远景、模糊、简单重复区域而初筛淘汰
424	detail_reviewed	已查看场景；进入详细核查或因主体单一、远景、模糊、简单重复区域而初筛淘汰
425	detail_reviewed	已查看场景；进入详细核查或因主体单一、远景、模糊、简单重复区域而初筛淘汰
426	reject	已查看场景；进入详细核查或因主体单一、远景、模糊、简单重复区域而初筛淘汰
427	reject	已查看场景；进入详细核查或因主体单一、远景、模糊、简单重复区域而初筛淘汰
428	reject	已查看场景；进入详细核查或因主体单一、远景、模糊、简单重复区域而初筛淘汰
429	reject	已查看场景；进入详细核查或因主体单一、远景、模糊、简单重复区域而初筛淘汰
430	reject	已查看场景；进入详细核查或因主体单一、远景、模糊、简单重复区域而初筛淘汰
431	reject	已查看场景；进入详细核查或因主体单一、远景、模糊、简单重复区域而初筛淘汰
432	reject	已查看场景；进入详细核查或因主体单一、远景、模糊、简单重复区域而初筛淘汰
433	detail_reviewed	已查看场景；进入详细核查或因主体单一、远景、模糊、简单重复区域而初筛淘汰
434	reject	已查看场景；进入详细核查或因主体单一、远景、模糊、简单重复区域而初筛淘汰
435	detail_reviewed	已查看场景；进入详细核查或因主体单一、远景、模糊、简单重复区域而初筛淘汰
436	detail_reviewed	已查看场景；进入详细核查或因主体单一、远景、模糊、简单重复区域而初筛淘汰
437	reject	已查看场景；进入详细核查或因主体单一、远景、模糊、简单重复区域而初筛淘汰
438	reject	已查看场景；进入详细核查或因主体单一、远景、模糊、简单重复区域而初筛淘汰
439	detail_reviewed	已查看场景；进入详细核查或因主体单一、远景、模糊、简单重复区域而初筛淘汰
440	detail_reviewed	已查看场景；进入详细核查或因主体单一、远景、模糊、简单重复区域而初筛淘汰
441	reject	已查看场景；进入详细核查或因主体单一、远景、模糊、简单重复区域而初筛淘汰
442	detail_reviewed	已查看场景；进入详细核查或因主体单一、远景、模糊、简单重复区域而初筛淘汰
443	detail_reviewed	已查看场景；进入详细核查或因主体单一、远景、模糊、简单重复区域而初筛淘汰
444	detail_reviewed	已查看场景；进入详细核查或因主体单一、远景、模糊、简单重复区域而初筛淘汰
445	reject	已查看场景；进入详细核查或因主体单一、远景、模糊、简单重复区域而初筛淘汰
446	detail_reviewed	已查看场景；进入详细核查或因主体单一、远景、模糊、简单重复区域而初筛淘汰
447	detail_reviewed	已查看场景；进入详细核查或因主体单一、远景、模糊、简单重复区域而初筛淘汰
448	reject	已查看场景；进入详细核查或因主体单一、远景、模糊、简单重复区域而初筛淘汰
449	detail_reviewed	已查看场景；进入详细核查或因主体单一、远景、模糊、简单重复区域而初筛淘汰
450	detail_reviewed	已查看场景；进入详细核查或因主体单一、远景、模糊、简单重复区域而初筛淘汰
451	detail_reviewed	已查看场景；进入详细核查或因主体单一、远景、模糊、简单重复区域而初筛淘汰
452	reject	已查看场景；进入详细核查或因主体单一、远景、模糊、简单重复区域而初筛淘汰
453	reject	已查看场景；进入详细核查或因主体单一、远景、模糊、简单重复区域而初筛淘汰
454	detail_reviewed	已查看场景；进入详细核查或因主体单一、远景、模糊、简单重复区域而初筛淘汰
455	detail_reviewed	已查看场景；进入详细核查或因主体单一、远景、模糊、简单重复区域而初筛淘汰
456	detail_reviewed	已查看场景；进入详细核查或因主体单一、远景、模糊、简单重复区域而初筛淘汰
457	detail_reviewed	已查看场景；进入详细核查或因主体单一、远景、模糊、简单重复区域而初筛淘汰
458	detail_reviewed	已查看场景；进入详细核查或因主体单一、远景、模糊、简单重复区域而初筛淘汰
459	reject	已查看场景；进入详细核查或因主体单一、远景、模糊、简单重复区域而初筛淘汰
460	detail_reviewed	已查看场景；进入详细核查或因主体单一、远景、模糊、简单重复区域而初筛淘汰
461	reject	已查看场景；进入详细核查或因主体单一、远景、模糊、简单重复区域而初筛淘汰
462	reject	已查看场景；进入详细核查或因主体单一、远景、模糊、简单重复区域而初筛淘汰
463	detail_reviewed	已查看场景；进入详细核查或因主体单一、远景、模糊、简单重复区域而初筛淘汰
464	detail_reviewed	已查看场景；进入详细核查或因主体单一、远景、模糊、简单重复区域而初筛淘汰
465	detail_reviewed	已查看场景；进入详细核查或因主体单一、远景、模糊、简单重复区域而初筛淘汰
466	reject	已查看场景；进入详细核查或因主体单一、远景、模糊、简单重复区域而初筛淘汰
467	reject	已查看场景；进入详细核查或因主体单一、远景、模糊、简单重复区域而初筛淘汰
468	detail_reviewed	已查看场景；进入详细核查或因主体单一、远景、模糊、简单重复区域而初筛淘汰
469	reject	已查看场景；进入详细核查或因主体单一、远景、模糊、简单重复区域而初筛淘汰
470	detail_reviewed	已查看场景；进入详细核查或因主体单一、远景、模糊、简单重复区域而初筛淘汰
471	reject	已查看场景；进入详细核查或因主体单一、远景、模糊、简单重复区域而初筛淘汰
472	reject	已查看场景；进入详细核查或因主体单一、远景、模糊、简单重复区域而初筛淘汰
473	reject	已查看场景；进入详细核查或因主体单一、远景、模糊、简单重复区域而初筛淘汰
474	reject	已查看场景；进入详细核查或因主体单一、远景、模糊、简单重复区域而初筛淘汰
475	detail_reviewed	已查看场景；进入详细核查或因主体单一、远景、模糊、简单重复区域而初筛淘汰
476	detail_reviewed	已查看场景；进入详细核查或因主体单一、远景、模糊、简单重复区域而初筛淘汰
477	detail_reviewed	已查看场景；进入详细核查或因主体单一、远景、模糊、简单重复区域而初筛淘汰
478	detail_reviewed	已查看场景；进入详细核查或因主体单一、远景、模糊、简单重复区域而初筛淘汰
479	reject	已查看场景；进入详细核查或因主体单一、远景、模糊、简单重复区域而初筛淘汰
480	reject	已查看场景；进入详细核查或因主体单一、远景、模糊、简单重复区域而初筛淘汰
481	reject	已查看场景；进入详细核查或因主体单一、远景、模糊、简单重复区域而初筛淘汰
482	reject	已查看场景；进入详细核查或因主体单一、远景、模糊、简单重复区域而初筛淘汰
483	detail_reviewed	已查看场景；进入详细核查或因主体单一、远景、模糊、简单重复区域而初筛淘汰
484	reject	已查看场景；进入详细核查或因主体单一、远景、模糊、简单重复区域而初筛淘汰
485	detail_reviewed	已查看场景；进入详细核查或因主体单一、远景、模糊、简单重复区域而初筛淘汰
486	reject	已查看场景；进入详细核查或因主体单一、远景、模糊、简单重复区域而初筛淘汰
487	detail_reviewed	已查看场景；进入详细核查或因主体单一、远景、模糊、简单重复区域而初筛淘汰
488	detail_reviewed	已查看场景；进入详细核查或因主体单一、远景、模糊、简单重复区域而初筛淘汰
489	reject	已查看场景；进入详细核查或因主体单一、远景、模糊、简单重复区域而初筛淘汰
490	reject	单车远景，局部目标不足
491	reject	单立面，独立可编辑对象不足
492	reject	主要为单个人物
493	inspect	木屋前密集行人；已进一步查看局部 mask
494	reject	运动人群失焦
495	reject	人群暗部和远处目标较多，跳过
496	reject	挂饰形状有潜力，但当前部件候选为空
497	reject	远处队列太小
498	inspect	两位推车的街头水果商贩；已进一步查看局部 mask
499	inspect	路边茶摊的藤椅与顾客；已进一步查看局部 mask
500	reject	单个雕像为主
501	reject	人群远且局部难辨
502	inspect	四名披旗帜的球迷合影；已进一步查看局部 mask
503	inspect	雨中队列与前景停放自行车；已进一步查看局部 mask
504	inspect	船舱中相邻制服人员；已进一步查看局部 mask
505	inspect	穿相同校服的学生合影；已进一步查看局部 mask
506	reject	大街远景局部太小
507	reject	围火场景远处人物不清
508	reject	巷道远景缺少清晰局部
509	inspect	商场舞狮表演周围观众；已进一步查看局部 mask
510	inspect	机场行李车队列；已进一步查看局部 mask
511	inspect	街边成排细长路灯；已进一步查看局部 mask
512	inspect	街头表演者与相邻观众；已进一步查看局部 mask
513	inspect	跳蚤市场的顾客与地摊；已进一步查看局部 mask
514	reject	单人跑步，不足不同对象
515	inspect	取餐队列与重叠餐具；已进一步查看局部 mask
516	reject	雪地人物太远，前景主要单人
517	inspect	游行队伍中交错的腿脚；已进一步查看局部 mask
518	reject	单辆汽车为主
519	inspect	夜市水果摊前顾客；已进一步查看局部 mask
520	inspect	拥挤庙会摊位前的行人；已进一步查看局部 mask
521	inspect	锻造演示与婚礼观众；已进一步查看局部 mask
522	reject	城市大场景远景
523	reject	远处街道车流
524	inspect	并排赛车模拟器上的玩家；已进一步查看局部 mask
525	inspect	旗帜与背包交错的游行人群；已进一步查看局部 mask
526	inspect	骑行头盔细节失焦、通风孔 mask 填充不一致，不以人数多替代区域质量。
527	inspect	前景杂耍棒有价值，但当前候选主要是裁切衣领和失焦背景衣物，暂不入选。
528	reject	远景建筑为主
529	inspect	快餐店前带行李的排队顾客；已进一步查看局部 mask
530	reject	礼篮重叠但透明物边界模糊
531	reject	公交站远景目标小
532	inspect	围栏后挤在一起的儿童；已进一步查看局部 mask
533	inspect	场景复杂但当前可用候选多为完整地垫或孤立包，局部边界难度不足，留作备用。
534	inspect	穿相似校服的学生队列；已进一步查看局部 mask
535	reject	建筑与水池为主
536	inspect	民族服装队列中的局部袜子；已进一步查看局部 mask
537	reject	密集远处人群局部过小
538	inspect	街头游行中的前后排人物；已进一步查看局部 mask
539	inspect	露天餐厅密集桌椅；已进一步查看局部 mask
540	inspect	鱼市摊位的层叠容器；已进一步查看局部 mask
541	reject	教堂远景局部太小
542	reject	单建筑立面
543	inspect	教室内拥挤儿童和小椅子；已进一步查看局部 mask
544	reject	街景主体小而拥挤
545	inspect	仅两只小轮子候选且边界膨胀，不满足当前较高局部质量要求。
546	inspect	瀑布前挤在一起的合影队伍；已进一步查看局部 mask
547	inspect	集市小巷中的顾客和店主；已进一步查看局部 mask
548	inspect	当前建议均为整个人物，制服局部尚未找到合适 mask；同类多但粒度不满足本轮优先标准。
549	inspect	商店内密集陈列的旅行箱；已进一步查看局部 mask
550	inspect	夜间穿浴衣的行人；已进一步查看局部 mask
551	inspect	运河边四人坐折叠椅；已进一步查看局部 mask
552	inspect	酒瓶实例丰富但局部解析度偏低，难以做可靠的细粒度边界判断。
553	inspect	城堡前冬装游客队列；已进一步查看局部 mask
554	inspect	露天集市中的背向行人；已进一步查看局部 mask
555	reject	广场远景
556	inspect	桥上行人与垂钓者；已进一步查看局部 mask
557	reject	单火车主体，独立局部不足
558	reject	广场远景人物小
559	inspect	当前袋子候选存在成叠塑料袋的实例歧义，前景鱼群未找到可靠独立部件候选，备用。
560	reject	单车主体
561	reject	夜市小目标失焦
562	inspect	四个袜子 mask 来自同一婴儿且互有局部拆分，其他可选对象失焦，不满足独立多对象标准。
563	reject	远处街景人小
564	reject	单坦克主体
565	inspect	街道上穿民族服装的舞者；已进一步查看局部 mask
566	inspect	拥挤夜市中的交错背影；已进一步查看局部 mask
567	reject	街口建筑为主
568	inspect	俯拍密集市场的彩色遮阳伞；已进一步查看局部 mask
569	inspect	主体气球需要独立标注核验，当前衣物候选较小且噪声大，暂不入选。
570	reject	建筑大场景主体不足
571	reject	树与广场远景
572	inspect	雪地马球比赛中交叠的马匹；已进一步查看局部 mask
573	reject	空街远景
574	inspect	帐篷外散放的折叠椅；已进一步查看局部 mask
575	inspect	节庆活动中密集观众的背影；已进一步查看局部 mask
576	inspect	甜点柜内紧邻的木托盘；已进一步查看局部 mask
577	reject	建筑街景
578	inspect	学校门前登记桌旁的家长与儿童；已进一步查看局部 mask
579	inspect	街头同行的母女与肩包；已进一步查看局部 mask
580	inspect	咖啡馆的灯具与桌边顾客；已进一步查看局部 mask
581	reject	花枝实例归属不明确
582	inspect	节日巡游与路边观众；已进一步查看局部 mask
583	reject	救援队远景目标小
584	inspect	垃圾箱上紧密堆叠的塑料袋；已进一步查看局部 mask
585	inspect	两只编织篮的稀疏边缘孔隙被填入 mask，当前边界不足以作严格部件候选。
586	inspect	室内多名制服人员与防护服；已进一步查看局部 mask
587	inspect	密集摩托车展中的车身局部；已进一步查看局部 mask
588	inspect	人群中看手机的年轻人；已进一步查看局部 mask
589	reject	远处夜景行人
590	inspect	船上可见衣物较小且整体欠曝失焦，已有更清晰的相似遮挡候选。
591	reject	单建筑为主
592	reject	泳池俯拍人物很小
593	inspect	双马车上的缰绳与乘客；已进一步查看局部 mask
594	inspect	商店中密集陈列的兔子摆件；已进一步查看局部 mask
595	inspect	花园参观队伍的贴身衣物；已进一步查看局部 mask
596	reject	夜间建筑远景
597	inspect	礼堂内持旗的制服学生队列；已进一步查看局部 mask
598	inspect	可用衣物虽有遮挡，但优先保留同批更细的独立部件案例；轮子孔隙 mask 不合格。
599	inspect	池边密集俯身的游客；已进一步查看局部 mask
600	reject	夜雨暗部人群，局部欠曝
601	reject	花树与街道为主，清晰部件不足
602	reject	建筑远景行人小
603	inspect	游船内吊环与层叠座椅；已进一步查看局部 mask
604	reject	前景瓶子失焦，只有一名清晰人物
605	reject	车架远景交错且主体小
606	reject	山坡长队远景主体小
607	reject	极密人群，仅头部占主导
608	inspect	穿近似制服的仪仗队行进；已进一步查看局部 mask
609	inspect	火车站台上密集迷彩背包；已进一步查看局部 mask
610	reject	单花枝，实例归属不足
611	inspect	广场活动中的木箱与人群；已进一步查看局部 mask
612	inspect	多数候选藤椅 mask 填入孔洞背景；剩余衣物和碗不足以代表本轮目标复杂度。
613	inspect	狭窄街道上一排踏板摩托车；已进一步查看局部 mask
614	reject	医学袋状物成堆，实例与区域语义不确定
615	inspect	摩托车车队中的头盔；已进一步查看局部 mask
616	reject	规则罐头摆放，局部难度不足
617	inspect	石墙上陈列的四把旧木椅；已进一步查看局部 mask
618	reject	单公交车为主
619	reject	成排包装商品，部件难度不足
620	reject	碎垃圾难确定对象边界
621	inspect	篮子孔隙被填入标注，玩偶靴子候选较小且同玩偶重复，需要另行细选，暂存备用。
